2019-04-22 15:19:43.861204,[0. 0.],[[[[0.50043752 0.51356687]]]],[[[[0.5 0.5]]]],5,False,348,no_cond22Apr,176000
2019-04-22 15:19:47.855456,[0. 0.],[[[[0.51037227 0.50262608]]]],[[[[0.5 0.5]]]],5,False,120,no_cond22Apr,176000
2019-04-22 15:19:48.531139,[0. 0.],[[[[0.52421072 0.4731105 ]]]],[[[[0.5 0.5]]]],5,False,18,no_cond22Apr,176000
2019-04-22 15:19:57.230171,[0. 0.],[[[[0.48043237 0.48125993]]]],[[[[0.5 0.5]]]],5,False,263,no_cond22Apr,176000
2019-04-22 15:19:57.410372,[0. 0.],[[[[0.50615524 0.50346943]]]],[[[[0.5 0.5]]]],5,False,6,no_cond22Apr,176000
2019-04-22 15:20:00.571223,[0. 0.],[[[[0.50600951 0.45514658]]]],[[[[0.5 0.5]]]],5,False,96,no_cond22Apr,176000
2019-04-22 15:20:01.736285,[0. 0.],[[[[0.47418326 0.50505571]]]],[[[[0.5 0.5]]]],5,False,36,no_cond22Apr,176000
2019-04-22 15:20:02.723568,[0. 0.],[[[[0.4670503  0.48544431]]]],[[[[0.5 0.5]]]],5,False,30,no_cond22Apr,176000
2019-04-22 15:20:09.074836,[0. 0.],[[[[0.491885   0.49537904]]]],[[[[0.5 0.5]]]],5,False,204,no_cond22Apr,176000
2019-04-22 15:20:13.092299,[0. 0.],[[[[0.51392711 0.51154466]]]],[[[[0.5 0.5]]]],5,False,132,no_cond22Apr,176000
2019-04-22 15:20:25.667055,[0. 0.],[[[[0.48888232 0.55049659]]]],[[[[0.5 0.5]]]],5,False,72,no_cond22Apr,176000
2019-04-22 15:20:33.015145,[0. 0.],[[[[0.49194403 0.55004905]]]],[[[[0.5 0.5]]]],5,False,215,no_cond22Apr,176000
2019-04-22 15:20:35.536418,[0. 0.],[[[[0.48920332 0.49490264]]]],[[[[0.5 0.5]]]],5,False,66,no_cond22Apr,176000
2019-04-22 15:21:07.027772,[0. 0.],[[[[0.51697714 0.51166372]]]],[[[[0.5 0.5]]]],5,False,942,no_cond22Apr,176000
2019-04-22 15:21:34.829653,[0. 0.],[[[[0.52693412 0.54651705]]]],[[[[0.5 0.5]]]],5,False,869,no_cond22Apr,176000
2019-04-22 15:21:40.171956,[0. 0.],[[[[0.53917025 0.50329338]]]],[[[[0.5 0.5]]]],5,False,168,no_cond22Apr,176000
2019-04-22 15:21:43.840362,[0. 0.],[[[[0.42967107 0.50874529]]]],[[[[0.5 0.5]]]],5,False,114,no_cond22Apr,176000
2019-04-22 15:21:50.902801,[0. 0.],[[[[0.4660118  0.39359982]]]],[[[[0.5 0.5]]]],5,False,222,no_cond22Apr,176000
2019-04-22 15:21:57.875858,[0. 0.],[[[[0.49879859 0.54485944]]]],[[[[0.5 0.5]]]],5,False,216,no_cond22Apr,176000
2019-04-22 15:22:07.029918,[0. 0.],[[[[0.46621233 0.50618532]]]],[[[[0.5 0.5]]]],5,False,282,no_cond22Apr,176000
2019-04-22 15:34:13.520208,[0. 0.],[[[[0.49968141 0.47097321]]]],[[[[0.5 0.5]]]],5,False,78,no_cond22Apr,186000
2019-04-22 15:34:16.627927,[0. 0.],[[[[0.48027635 0.50246652]]]],[[[[0.5 0.5]]]],5,False,138,no_cond22Apr,186000
2019-04-22 15:34:17.598269,[0. 0.],[[[[0.53831207 0.54279424]]]],[[[[0.5 0.5]]]],5,False,42,no_cond22Apr,186000
2019-04-22 15:34:21.344256,[0. 0.],[[[[0.48208702 0.48809096]]]],[[[[0.5 0.5]]]],5,False,162,no_cond22Apr,186000
2019-04-22 15:34:26.397676,[0. 0.],[[[[0.58371153 0.59552129]]]],[[[[0.5 0.5]]]],5,False,227,no_cond22Apr,186000
2019-04-22 15:34:30.805855,[0. 0.],[[[[0.46775693 0.5511926 ]]]],[[[[0.5 0.5]]]],5,False,197,no_cond22Apr,186000
2019-04-22 15:34:34.485087,[0. 0.],[[[[0.49828066 0.45089855]]]],[[[[0.5 0.5]]]],5,False,168,no_cond22Apr,186000
2019-04-22 15:34:35.309668,[0. 0.],[[[[0.40847213 0.49887585]]]],[[[[0.5 0.5]]]],5,False,36,no_cond22Apr,186000
2019-04-22 15:34:38.756842,[0. 0.],[[[[0.53706985 0.4215861 ]]]],[[[[0.5 0.5]]]],5,False,138,no_cond22Apr,186000
2019-04-22 15:34:45.742643,[0. 0.],[[[[0.50665894 0.50514564]]]],[[[[0.5 0.5]]]],5,False,312,no_cond22Apr,186000
2019-04-22 15:35:08.094809,[0. 0.],[[[[0.99252735 0.50448141]]]],[[[[1.  0.5]]]],5,False,642,no_cond22Apr,186000
2019-04-22 15:35:20.797768,[0. 0.],[[[[1.        0.5444293]]]],[[[[1.  0.5]]]],5,False,588,no_cond22Apr,186000
2019-04-22 15:35:21.709292,[0. 0.],[[[[0.95078409 0.49577222]]]],[[[[1.  0.5]]]],5,False,42,no_cond22Apr,186000
2019-04-22 15:35:23.654685,[0. 0.],[[[[1.         0.44490628]]]],[[[[1.  0.5]]]],5,False,90,no_cond22Apr,186000
2019-04-22 15:35:23.784710,[0. 0.],[[[[1.         0.49235802]]]],[[[[1.  0.5]]]],5,False,6,no_cond22Apr,186000
2019-04-22 15:35:25.344388,[0. 0.],[[[[1.         0.56351234]]]],[[[[1.  0.5]]]],5,False,72,no_cond22Apr,186000
2019-04-22 15:35:25.468907,[0. 0.],[[[[1.         0.49749055]]]],[[[[1.  0.5]]]],5,False,6,no_cond22Apr,186000
2019-04-22 15:35:28.550339,[0. 0.],[[[[1.         0.57970779]]]],[[[[1.  0.5]]]],5,False,144,no_cond22Apr,186000
2019-04-22 15:35:28.806093,[0. 0.],[[[[1.       0.553399]]]],[[[[1.  0.5]]]],5,False,11,no_cond22Apr,186000
2019-04-22 15:35:37.866270,[0. 0.],[[[[0.99901118 0.4450587 ]]]],[[[[1.  0.5]]]],5,False,414,no_cond22Apr,186000
2019-04-22 15:35:48.524749,[0. 0.],[[[[0.9548635  0.48701575]]]],[[[[1.  0.5]]]],5,False,71,no_cond22Apr,186000
2019-04-22 15:35:49.738000,[0. 0.],[[[[0.96492517 0.51408358]]]],[[[[1.  0.5]]]],5,False,24,no_cond22Apr,186000
2019-04-22 15:35:50.887303,[0. 0.],[[[[1.         0.51088484]]]],[[[[1.  0.5]]]],5,False,54,no_cond22Apr,186000
2019-04-22 15:35:51.291994,[0. 0.],[[[[0.98839237 0.49939891]]]],[[[[1.  0.5]]]],5,False,18,no_cond22Apr,186000
2019-04-22 15:35:51.420772,[0. 0.],[[[[1.         0.49352802]]]],[[[[1.  0.5]]]],5,False,6,no_cond22Apr,186000
2019-04-22 15:35:51.681373,[0. 0.],[[[[1.        0.5156124]]]],[[[[1.  0.5]]]],5,False,12,no_cond22Apr,186000
2019-04-22 15:35:58.866265,[0. 0.],[[[[0.99640007 0.47926005]]]],[[[[1.  0.5]]]],5,False,330,no_cond22Apr,186000
2019-04-22 15:36:03.484225,[0. 0.],[[[[1.         0.44863231]]]],[[[[1.  0.5]]]],5,False,54,no_cond22Apr,186000
2019-04-22 15:36:06.202748,[0. 0.],[[[[0.96824134 0.51780271]]]],[[[[1.  0.5]]]],5,False,126,no_cond22Apr,186000
2019-04-22 15:36:07.353072,[0. 0.],[[[[0.99961659 0.53829202]]]],[[[[1.  0.5]]]],5,False,54,no_cond22Apr,186000
2019-04-22 15:36:21.501925,[0. 0.],[[[[-0.49971497  0.48409716]]]],[[[[-0.5  0.5]]]],5,False,252,no_cond22Apr,186000
2019-04-22 15:36:22.002946,[0. 0.],[[[[-0.5181885   0.54348854]]]],[[[[-0.5  0.5]]]],5,False,23,no_cond22Apr,186000
2019-04-22 15:36:29.202755,[0. 0.],[[[[-0.49616047  0.52815281]]]],[[[[-0.5  0.5]]]],5,False,330,no_cond22Apr,186000
2019-04-22 15:36:31.961445,[0. 0.],[[[[-0.54412821  0.48769331]]]],[[[[-0.5  0.5]]]],5,False,126,no_cond22Apr,186000
2019-04-22 15:36:34.598976,[0. 0.],[[[[-0.54228323  0.47290023]]]],[[[[-0.5  0.5]]]],5,False,115,no_cond22Apr,186000
2019-04-22 15:36:38.567117,[0. 0.],[[[[-0.51181924  0.527128  ]]]],[[[[-0.5  0.5]]]],5,False,186,no_cond22Apr,186000
2019-04-22 15:36:40.510278,[0. 0.],[[[[-0.48977827  0.49804563]]]],[[[[-0.5  0.5]]]],5,False,90,no_cond22Apr,186000
2019-04-22 15:36:41.025159,[0. 0.],[[[[-0.44570378  0.49608602]]]],[[[[-0.5  0.5]]]],5,False,24,no_cond22Apr,186000
2019-04-22 15:36:46.900117,[0. 0.],[[[[-0.55422446  0.49895471]]]],[[[[-0.5  0.5]]]],5,False,270,no_cond22Apr,186000
2019-04-22 15:36:51.225436,[0. 0.],[[[[-0.49448064  0.49210507]]]],[[[[-0.5  0.5]]]],5,False,198,no_cond22Apr,186000
2019-04-22 15:37:07.015686,[0. 0.],[[[[-0.92728713  0.49775406]]]],[[[[-1.   0.5]]]],5,False,234,no_cond22Apr,186000
2019-04-22 15:37:09.037353,[0. 0.],[[[[-1.          0.51229164]]]],[[[[-1.   0.5]]]],5,False,90,no_cond22Apr,186000
2019-04-22 15:37:17.650139,[0. 0.],[[[[-0.96140836  0.51183141]]]],[[[[-1.   0.5]]]],5,False,396,no_cond22Apr,186000
2019-04-22 15:37:17.776441,[0. 0.],[[[[-1.          0.50780828]]]],[[[[-1.   0.5]]]],5,False,6,no_cond22Apr,186000
2019-04-22 15:37:18.079096,[0. 0.],[[[[-1.          0.48045369]]]],[[[[-1.   0.5]]]],5,False,12,no_cond22Apr,186000
2019-04-22 15:37:18.216677,[0. 0.],[[[[-1.          0.50199307]]]],[[[[-1.   0.5]]]],5,False,6,no_cond22Apr,186000
2019-04-22 15:37:18.352450,[0. 0.],[[[[-1.          0.50199307]]]],[[[[-1.   0.5]]]],5,False,6,no_cond22Apr,186000
2019-04-22 15:37:19.827547,[0. 0.],[[[[-1.          0.47807352]]]],[[[[-1.   0.5]]]],5,False,66,no_cond22Apr,186000
2019-04-22 15:37:23.645325,[0. 0.],[[[[-1.          0.48605549]]]],[[[[-1.   0.5]]]],5,False,174,no_cond22Apr,186000
2019-04-22 15:37:23.770668,[0. 0.],[[[[-1.          0.49661701]]]],[[[[-1.   0.5]]]],5,False,6,no_cond22Apr,186000
2019-04-22 15:37:37.313958,[0. 0.],[[[[-0.99766476  0.47535629]]]],[[[[-1.   0.5]]]],5,False,258,no_cond22Apr,186000
2019-04-22 15:37:40.693782,[0. 0.],[[[[-1.          0.51935846]]]],[[[[-1.   0.5]]]],5,False,156,no_cond22Apr,186000
2019-04-22 15:37:40.825170,[0. 0.],[[[[-1.          0.50420959]]]],[[[[-1.   0.5]]]],5,False,6,no_cond22Apr,186000
2019-04-22 15:37:40.956420,[0. 0.],[[[[-1.          0.50545114]]]],[[[[-1.   0.5]]]],5,False,6,no_cond22Apr,186000
2019-04-22 15:37:46.656072,[0. 0.],[[[[-1.          0.48123444]]]],[[[[-1.   0.5]]]],5,False,258,no_cond22Apr,186000
2019-04-22 15:37:49.440994,[0. 0.],[[[[-0.99798541  0.436001  ]]]],[[[[-1.   0.5]]]],5,False,126,no_cond22Apr,186000
2019-04-22 15:37:56.814349,[0. 0.],[[[[-0.96002727  0.49792862]]]],[[[[-1.   0.5]]]],5,False,336,no_cond22Apr,186000
2019-04-22 15:37:58.564361,[0. 0.],[[[[-0.98176181  0.54315677]]]],[[[[-1.   0.5]]]],5,False,78,no_cond22Apr,186000
2019-04-22 15:37:59.270624,[0. 0.],[[[[-0.9908213  0.4765927]]]],[[[[-1.   0.5]]]],5,False,30,no_cond22Apr,186000
2019-04-22 15:38:00.252621,[0. 0.],[[[[-1.         0.4744659]]]],[[[[-1.   0.5]]]],5,False,42,no_cond22Apr,186000
2019-04-22 15:38:56.104112,[0. 0.],[[[[0.66970124 0.56159915]]]],[[[[0.5 0.5]]]],10,False,2254,no_cond22Apr,186000
2019-04-22 15:38:59.581903,[0. 0.],[[[[0.57697065 0.54162385]]]],[[[[0.5 0.5]]]],10,False,174,no_cond22Apr,186000
2019-04-22 15:39:43.935021,[0. 0.],[[[[0.55749951 0.54461661]]]],[[[[0.5 0.5]]]],10,False,2187,no_cond22Apr,186000
2019-04-22 15:40:27.600483,[0. 0.],[[[[0.41123422 0.5349389 ]]]],[[[[0.5 0.5]]]],10,False,2046,no_cond22Apr,186000
2019-04-22 15:40:40.606318,[0. 0.],[[[[0.63101122 0.70621238]]]],[[[[0.5 0.5]]]],10,False,603,no_cond22Apr,186000
2019-04-22 15:40:57.271699,[0. 0.],[[[[0.52995286 0.48275605]]]],[[[[0.5 0.5]]]],10,False,823,no_cond22Apr,186000
2019-04-22 15:41:24.185999,[0. 0.],[[[[0.62362075 0.49270898]]]],[[[[0.5 0.5]]]],10,False,1319,no_cond22Apr,186000
2019-04-22 15:41:35.297112,[0. 0.],[[[[0.43563875 0.40754325]]]],[[[[0.5 0.5]]]],10,False,550,no_cond22Apr,186000
2019-04-22 15:41:46.828037,[0. 0.],[[[[0.71539527 0.7211494 ]]]],[[[[0.5 0.5]]]],10,False,567,no_cond22Apr,186000
2019-04-22 15:42:17.446592,[0. 0.],[[[[0.51783277 0.74653071]]]],[[[[0.5 0.5]]]],10,False,566,no_cond22Apr,186000
2019-04-22 15:50:00.405054,[0. 0.],[[[[0.50066102 0.5515561 ]]]],[[[[0.5 0.5]]]],5,False,637,no_cond22Apr2,198000
2019-04-22 15:50:00.553777,[0. 0.],[[[[0.50535248 0.5015561 ]]]],[[[[0.5 0.5]]]],5,False,6,no_cond22Apr2,198000
2019-04-22 15:50:02.480907,[0. 0.],[[[[0.51863469 0.44952631]]]],[[[[0.5 0.5]]]],5,False,84,no_cond22Apr2,198000
2019-04-22 15:50:06.818405,[0. 0.],[[[[0.55730764 0.54807042]]]],[[[[0.5 0.5]]]],5,False,205,no_cond22Apr2,198000
2019-04-22 15:50:12.814218,[0. 0.],[[[[0.49598641 0.52199393]]]],[[[[0.5 0.5]]]],5,False,276,no_cond22Apr2,198000
2019-04-22 15:50:17.413243,[0. 0.],[[[[0.47906662 0.50042595]]]],[[[[0.5 0.5]]]],5,False,210,no_cond22Apr2,198000
2019-04-22 15:50:22.018271,[0. 0.],[[[[0.45928156 0.46246815]]]],[[[[0.5 0.5]]]],5,False,209,no_cond22Apr2,198000
2019-04-22 15:50:22.562484,[0. 0.],[[[[0.51885529 0.52158562]]]],[[[[0.5 0.5]]]],5,False,23,no_cond22Apr2,198000
2019-04-22 15:50:24.786913,[0. 0.],[[[[0.52396854 0.50643228]]]],[[[[0.5 0.5]]]],5,False,102,no_cond22Apr2,198000
2019-04-22 15:50:24.925850,[0. 0.],[[[[0.49669666 0.49775393]]]],[[[[0.5 0.5]]]],5,False,6,no_cond22Apr2,198000
2019-04-22 15:50:40.342838,[0. 0.],[[[[0.94451834 0.47314378]]]],[[[[1.  0.5]]]],5,False,270,no_cond22Apr2,198000
2019-04-22 15:50:40.484869,[0. 0.],[[[[1.         0.49977928]]]],[[[[1.  0.5]]]],5,False,6,no_cond22Apr2,198000
2019-04-22 15:50:41.704020,[0. 0.],[[[[1.         0.46620322]]]],[[[[1.  0.5]]]],5,False,54,no_cond22Apr2,198000
2019-04-22 15:50:41.834502,[0. 0.],[[[[1.         0.50373455]]]],[[[[1.  0.5]]]],5,False,6,no_cond22Apr2,198000
2019-04-22 15:50:41.964708,[0. 0.],[[[[1.         0.50373455]]]],[[[[1.  0.5]]]],5,False,6,no_cond22Apr2,198000
2019-04-22 15:50:42.743925,[0. 0.],[[[[1.         0.48439516]]]],[[[[1.  0.5]]]],5,False,36,no_cond22Apr2,198000
2019-04-22 15:50:49.312319,[0. 0.],[[[[0.98365401 0.46036992]]]],[[[[1.  0.5]]]],5,False,300,no_cond22Apr2,198000
2019-04-22 15:50:56.908684,[0. 0.],[[[[0.95049125 0.46924769]]]],[[[[1.  0.5]]]],5,False,342,no_cond22Apr2,198000
2019-04-22 15:50:57.303479,[0. 0.],[[[[0.99946533 0.51573099]]]],[[[[1.  0.5]]]],5,False,18,no_cond22Apr2,198000
2019-04-22 15:51:02.068166,[0. 0.],[[[[1.         0.45687976]]]],[[[[1.  0.5]]]],5,False,216,no_cond22Apr2,198000
2019-04-22 15:51:13.632062,[0. 0.],[[[[0.98274444 0.50356905]]]],[[[[1.  0.5]]]],5,False,150,no_cond22Apr2,198000
2019-04-22 15:51:13.774733,[0. 0.],[[[[1.         0.50356905]]]],[[[[1.  0.5]]]],5,False,6,no_cond22Apr2,198000
2019-04-22 15:51:13.921626,[0. 0.],[[[[1.         0.50356905]]]],[[[[1.  0.5]]]],5,False,6,no_cond22Apr2,198000
2019-04-22 15:51:14.048865,[0. 0.],[[[[1.         0.49068704]]]],[[[[1.  0.5]]]],5,False,6,no_cond22Apr2,198000
2019-04-22 15:51:21.711229,[0. 0.],[[[[1.         0.46253618]]]],[[[[1.  0.5]]]],5,False,348,no_cond22Apr2,198000
2019-04-22 15:51:28.092595,[0. 0.],[[[[1.         0.48223416]]]],[[[[1.  0.5]]]],5,False,294,no_cond22Apr2,198000
2019-04-22 15:51:32.022352,[0. 0.],[[[[1.         0.53824153]]]],[[[[1.  0.5]]]],5,False,180,no_cond22Apr2,198000
2019-04-22 15:51:32.161036,[0. 0.],[[[[1.         0.49059407]]]],[[[[1.  0.5]]]],5,False,6,no_cond22Apr2,198000
2019-04-22 15:51:37.377989,[0. 0.],[[[[0.98418611 0.46859307]]]],[[[[1.  0.5]]]],5,False,234,no_cond22Apr2,198000
2019-04-22 15:51:37.508637,[0. 0.],[[[[1.         0.49750597]]]],[[[[1.  0.5]]]],5,False,6,no_cond22Apr2,198000
2019-04-22 15:51:47.631260,[0. 0.],[[[[-0.53454501  0.49677113]]]],[[[[-0.5  0.5]]]],5,False,66,no_cond22Apr2,198000
2019-04-22 15:51:47.765946,[0. 0.],[[[[-0.50014898  0.50954184]]]],[[[[-0.5  0.5]]]],5,False,6,no_cond22Apr2,198000
2019-04-22 15:51:57.922864,[0. 0.],[[[[-0.49691148  0.55755246]]]],[[[[-0.5  0.5]]]],5,False,462,no_cond22Apr2,198000
2019-04-22 15:51:59.348138,[0. 0.],[[[[-0.56173504  0.51698814]]]],[[[[-0.5  0.5]]]],5,False,66,no_cond22Apr2,198000
2019-04-22 15:52:01.579543,[0. 0.],[[[[-0.56435998  0.56294618]]]],[[[[-0.5  0.5]]]],5,False,101,no_cond22Apr2,198000
2019-04-22 15:52:02.625027,[0. 0.],[[[[-0.56299109  0.49906409]]]],[[[[-0.5  0.5]]]],5,False,48,no_cond22Apr2,198000
2019-04-22 15:52:05.103184,[0. 0.],[[[[-0.44145925  0.5243689 ]]]],[[[[-0.5  0.5]]]],5,False,114,no_cond22Apr2,198000
2019-04-22 15:52:07.114657,[0. 0.],[[[[-0.49251545  0.47848458]]]],[[[[-0.5  0.5]]]],5,False,96,no_cond22Apr2,198000
2019-04-22 15:52:08.523714,[0. 0.],[[[[-0.57045441  0.4933033 ]]]],[[[[-0.5  0.5]]]],5,False,66,no_cond22Apr2,198000
2019-04-22 15:52:11.072120,[0. 0.],[[[[-0.48270619  0.43928224]]]],[[[[-0.5  0.5]]]],5,False,120,no_cond22Apr2,198000
2019-04-22 15:52:22.721163,[0. 0.],[[[[-0.99694773  0.44126203]]]],[[[[-1.   0.5]]]],5,False,186,no_cond22Apr2,198000
2019-04-22 15:52:22.998552,[0. 0.],[[[[-1.          0.49440159]]]],[[[[-1.   0.5]]]],5,False,6,no_cond22Apr2,198000
2019-04-22 15:52:23.129549,[0. 0.],[[[[-1.          0.50467836]]]],[[[[-1.   0.5]]]],5,False,6,no_cond22Apr2,198000
2019-04-22 15:52:23.519806,[0. 0.],[[[[-1.          0.43990274]]]],[[[[-1.   0.5]]]],5,False,18,no_cond22Apr2,198000
2019-04-22 15:52:24.321800,[0. 0.],[[[[-1.          0.58749346]]]],[[[[-1.   0.5]]]],5,False,36,no_cond22Apr2,198000
2019-04-22 15:52:24.470269,[0. 0.],[[[[-1.          0.50271578]]]],[[[[-1.   0.5]]]],5,False,6,no_cond22Apr2,198000
2019-04-22 15:52:24.600209,[0. 0.],[[[[-1.          0.50271578]]]],[[[[-1.   0.5]]]],5,False,6,no_cond22Apr2,198000
2019-04-22 15:52:24.736299,[0. 0.],[[[[-1.          0.50271578]]]],[[[[-1.   0.5]]]],5,False,6,no_cond22Apr2,198000
2019-04-22 15:52:27.391570,[0. 0.],[[[[-1.          0.48844469]]]],[[[[-1.   0.5]]]],5,False,126,no_cond22Apr2,198000
2019-04-22 15:52:27.651104,[0. 0.],[[[[-1.         0.5255223]]]],[[[[-1.   0.5]]]],5,False,12,no_cond22Apr2,198000
2019-04-22 15:52:38.648247,[0. 0.],[[[[-0.99147951  0.48066026]]]],[[[[-1.   0.5]]]],5,False,168,no_cond22Apr2,198000
2019-04-22 15:52:41.906897,[0. 0.],[[[[-0.99190458  0.50609238]]]],[[[[-1.   0.5]]]],5,False,150,no_cond22Apr2,198000
2019-04-22 15:52:42.898149,[0. 0.],[[[[-1.          0.46035996]]]],[[[[-1.   0.5]]]],5,False,48,no_cond22Apr2,198000
2019-04-22 15:52:44.848915,[0. 0.],[[[[-0.95456411  0.46028687]]]],[[[[-1.   0.5]]]],5,False,90,no_cond22Apr2,198000
2019-04-22 15:52:48.987146,[0. 0.],[[[[-0.97986717  0.45604579]]]],[[[[-1.   0.5]]]],5,False,186,no_cond22Apr2,198000
2019-04-22 15:52:49.119930,[0. 0.],[[[[-1.          0.49877336]]]],[[[[-1.   0.5]]]],5,False,6,no_cond22Apr2,198000
2019-04-22 15:52:51.447638,[0. 0.],[[[[-0.98371438  0.48897733]]]],[[[[-1.   0.5]]]],5,False,108,no_cond22Apr2,198000
2019-04-22 15:52:51.854357,[0. 0.],[[[[-1.          0.43947754]]]],[[[[-1.   0.5]]]],5,False,18,no_cond22Apr2,198000
2019-04-22 15:52:51.982699,[0. 0.],[[[[-1.          0.49330631]]]],[[[[-1.   0.5]]]],5,False,6,no_cond22Apr2,198000
2019-04-22 15:52:52.112857,[0. 0.],[[[[-1.          0.49834436]]]],[[[[-1.   0.5]]]],5,False,6,no_cond22Apr2,198000
2019-04-22 15:53:14.036431,[0. 0.],[[[[0.69812366 0.61633168]]]],[[[[0.5 0.5]]]],10,False,620,no_cond22Apr2,198000
2019-04-22 15:53:52.029906,[0. 0.],[[[[0.50722569 0.54545539]]]],[[[[0.5 0.5]]]],10,False,1869,no_cond22Apr2,198000
2019-04-22 15:53:57.995731,[0. 0.],[[[[0.70098592 0.7027838 ]]]],[[[[0.5 0.5]]]],10,False,290,no_cond22Apr2,198000
2019-04-22 15:54:07.018758,[0. 0.],[[[[0.69941432 0.68365473]]]],[[[[0.5 0.5]]]],10,False,444,no_cond22Apr2,198000
2019-04-22 15:54:36.748941,[0. 0.],[[[[0.84564464 0.64368859]]]],[[[[0.5 0.5]]]],10,False,1460,no_cond22Apr2,198000
2019-04-22 15:56:21.012019,[0. 0.],[[[[0.68906825 0.68979961]]]],[[[[0.5 0.5]]]],10,False,5145,no_cond22Apr2,198000
2019-04-22 15:56:34.692007,[0. 0.],[[[[0.60070314 0.59131421]]]],[[[[0.5 0.5]]]],10,False,662,no_cond22Apr2,198000
2019-04-22 15:56:50.874317,[0. 0.],[[[[0.61410588 0.34753689]]]],[[[[0.5 0.5]]]],10,False,814,no_cond22Apr2,198000
2019-04-22 15:56:53.980697,[0. 0.],[[[[0.54987379 0.60461455]]]],[[[[0.5 0.5]]]],10,False,153,no_cond22Apr2,198000
2019-04-22 15:56:59.171299,[0. 0.],[[[[0.54779171 0.49846046]]]],[[[[0.5 0.5]]]],10,False,243,no_cond22Apr2,198000
2019-04-22 15:57:14.145588,[0. 0.],[[[[1.         0.52994168]]]],[[[[1.  0.5]]]],10,False,241,no_cond22Apr2,198000
2019-04-22 15:57:19.064097,[0. 0.],[[[[1.         0.56919949]]]],[[[[1.  0.5]]]],10,False,242,no_cond22Apr2,198000
2019-04-22 15:57:24.747382,[0. 0.],[[[[0.96784874 0.52112346]]]],[[[[1.  0.5]]]],10,False,275,no_cond22Apr2,198000
2019-04-22 15:57:32.790172,[0. 0.],[[[[0.95916821 0.55760665]]]],[[[[1.  0.5]]]],10,False,396,no_cond22Apr2,198000
2019-04-22 15:58:30.728731,[0. 0.],[[[[0.93710873 0.27828546]]]],[[[[1.  0.5]]]],10,False,2860,no_cond22Apr2,198000
2019-04-22 15:58:50.968569,[0. 0.],[[[[0.8840687  0.66738841]]]],[[[[1.  0.5]]]],10,False,990,no_cond22Apr2,198000
2019-04-22 15:58:51.845070,[0. 0.],[[[[0.93548581 0.33166424]]]],[[[[1.  0.5]]]],10,False,43,no_cond22Apr2,198000
2019-04-22 15:58:53.181899,[0. 0.],[[[[1.         0.47252824]]]],[[[[1.  0.5]]]],10,False,65,no_cond22Apr2,198000
2019-04-22 15:59:07.905291,[0. 0.],[[[[0.94450599 0.39099118]]]],[[[[1.  0.5]]]],10,False,725,no_cond22Apr2,198000
2019-04-22 15:59:10.308388,[0. 0.],[[[[0.97327483 0.56879085]]]],[[[[1.  0.5]]]],10,False,121,no_cond22Apr2,198000
2019-04-22 15:59:30.183856,[0. 0.],[[[[0.92108379 0.57749386]]]],[[[[1.  0.5]]]],10,False,461,no_cond22Apr2,198000
2019-04-22 15:59:36.958724,[0. 0.],[[[[0.88567819 0.61766876]]]],[[[[1.  0.5]]]],10,False,330,no_cond22Apr2,198000
2019-04-22 15:59:40.130920,[0. 0.],[[[[0.97280862 0.50817916]]]],[[[[1.  0.5]]]],10,False,153,no_cond22Apr2,198000
2019-04-22 15:59:45.719682,[0. 0.],[[[[0.84883464 0.48989008]]]],[[[[1.  0.5]]]],10,False,275,no_cond22Apr2,198000
2019-04-22 15:59:47.764864,[0. 0.],[[[[1.         0.44678669]]]],[[[[1.  0.5]]]],10,False,96,no_cond22Apr2,198000
2019-04-22 16:00:03.703106,[0. 0.],[[[[0.95       0.49788913]]]],[[[[1.  0.5]]]],10,False,781,no_cond22Apr2,198000
2019-04-22 16:00:49.737431,[0. 0.],[[[[0.91990658 0.55346723]]]],[[[[1.  0.5]]]],10,False,2233,no_cond22Apr2,198000
2019-04-22 16:00:50.651097,[0. 0.],[[[[1.         0.53049359]]]],[[[[1.  0.5]]]],10,False,43,no_cond22Apr2,198000
2019-04-22 16:01:06.912685,[0. 0.],[[[[1.         0.42586569]]]],[[[[1.  0.5]]]],10,False,790,no_cond22Apr2,198000
2019-04-22 16:01:07.134439,[0. 0.],[[[[1.         0.49108876]]]],[[[[1.  0.5]]]],10,False,11,no_cond22Apr2,198000
2019-04-22 16:02:13.191694,[0. 0.],[[[[-0.65072971  0.55973409]]]],[[[[-0.5  0.5]]]],10,False,2738,no_cond22Apr2,198000
2019-04-22 16:02:20.252589,[0. 0.],[[[[-0.6272512  0.4582946]]]],[[[[-0.5  0.5]]]],10,False,351,no_cond22Apr2,198000
2019-04-22 16:02:24.481073,[0. 0.],[[[[-0.72499357  0.59963219]]]],[[[[-0.5  0.5]]]],10,False,204,no_cond22Apr2,198000
2019-04-22 16:03:05.352872,[0. 0.],[[[[-0.44486857  0.45195236]]]],[[[[-0.5  0.5]]]],10,False,2024,no_cond22Apr2,198000
2019-04-22 16:03:10.044477,[0. 0.],[[[[-0.65503291  0.70615088]]]],[[[[-0.5  0.5]]]],10,False,224,no_cond22Apr2,198000
2019-04-22 16:03:12.340568,[0. 0.],[[[[-0.38069409  0.50263469]]]],[[[[-0.5  0.5]]]],10,False,109,no_cond22Apr2,198000
2019-04-22 16:03:53.610855,[0. 0.],[[[[-0.49253099  0.73842694]]]],[[[[-0.5  0.5]]]],10,False,2022,no_cond22Apr2,198000
2019-04-22 16:04:08.544449,[0. 0.],[[[[-0.60080674  0.5935937 ]]]],[[[[-0.5  0.5]]]],10,False,717,no_cond22Apr2,198000
2019-04-22 16:04:39.735558,[0. 0.],[[[[-0.55303577  0.37111284]]]],[[[[-0.5  0.5]]]],10,False,1518,no_cond22Apr2,198000
2019-04-22 16:04:52.034424,[0. 0.],[[[[-0.59556695  0.59593403]]]],[[[[-0.5  0.5]]]],10,False,596,no_cond22Apr2,198000
2019-04-22 16:05:30.675268,[0. 0.],[[[[-0.87992122  0.65787347]]]],[[[[-1.   0.5]]]],10,False,1242,no_cond22Apr2,198000
2019-04-22 16:05:38.745748,[0. 0.],[[[[-1.          0.42757479]]]],[[[[-1.   0.5]]]],10,False,396,no_cond22Apr2,198000
2019-04-22 16:06:22.311632,[0. 0.],[[[[-1.          0.41442541]]]],[[[[-1.   0.5]]]],10,False,2155,no_cond22Apr2,198000
2019-04-22 16:07:00.644358,[0. 0.],[[[[-1.          0.39434106]]]],[[[[-1.   0.5]]]],10,False,1903,no_cond22Apr2,198000
2019-04-22 16:07:12.936372,[0. 0.],[[[[-0.91811741  0.49445793]]]],[[[[-1.   0.5]]]],10,False,616,no_cond22Apr2,198000
2019-04-22 16:07:13.384597,[0. 0.],[[[[-0.97002199  0.49258082]]]],[[[[-1.   0.5]]]],10,False,22,no_cond22Apr2,198000
2019-04-22 16:07:14.470988,[0. 0.],[[[[-0.90106093  0.44901279]]]],[[[[-1.   0.5]]]],10,False,54,no_cond22Apr2,198000
2019-04-22 16:07:25.446270,[0. 0.],[[[[-0.88958652  0.50027407]]]],[[[[-1.   0.5]]]],10,False,550,no_cond22Apr2,198000
2019-04-22 16:07:32.029971,[0. 0.],[[[[-0.93372856  0.49750332]]]],[[[[-1.   0.5]]]],10,False,319,no_cond22Apr2,198000
2019-04-22 16:08:14.209974,[0. 0.],[[[[-1.          0.61111806]]]],[[[[-1.   0.5]]]],10,False,2088,no_cond22Apr2,198000
2019-04-22 16:08:28.316714,[0. 0.],[[[[-0.96878363  0.48503249]]]],[[[[-1.   0.5]]]],10,False,219,no_cond22Apr2,198000
2019-04-22 16:08:30.300917,[0. 0.],[[[[-1.          0.53414341]]]],[[[[-1.   0.5]]]],10,False,99,no_cond22Apr2,198000
2019-04-22 16:08:51.492833,[0. 0.],[[[[-1.          0.36308139]]]],[[[[-1.   0.5]]]],10,False,1056,no_cond22Apr2,198000
2019-04-22 16:08:57.292330,[0. 0.],[[[[-0.95517485  0.59856408]]]],[[[[-1.   0.5]]]],10,False,284,no_cond22Apr2,198000
2019-04-22 16:09:01.964054,[0. 0.],[[[[-0.86037303  0.45330984]]]],[[[[-1.   0.5]]]],10,False,231,no_cond22Apr2,198000
2019-04-22 16:09:14.199751,[0. 0.],[[[[-1.          0.62149717]]]],[[[[-1.   0.5]]]],10,False,614,no_cond22Apr2,198000
2019-04-22 16:09:26.760963,[0. 0.],[[[[-0.9729762   0.44415743]]]],[[[[-1.   0.5]]]],10,False,616,no_cond22Apr2,198000
2019-04-22 16:09:28.300267,[0. 0.],[[[[-1.          0.45774712]]]],[[[[-1.   0.5]]]],10,False,77,no_cond22Apr2,198000
2019-04-22 16:09:32.742126,[0. 0.],[[[[-0.95        0.46144064]]]],[[[[-1.   0.5]]]],10,False,219,no_cond22Apr2,198000
2019-04-22 16:09:38.960327,[0. 0.],[[[[-1.          0.47755017]]]],[[[[-1.   0.5]]]],10,False,307,no_cond22Apr2,198000
2019-04-22 16:10:14.669587,[0. 0.],[[[[0.72944783 0.6700355 ]]]],[[[[0.5 0.5]]]],15,False,1206,no_cond22Apr2,198000
2019-04-22 16:10:56.924252,[0. 0.],[[[[0.45930714 1.        ]]]],[[[[0.5 0.5]]]],15,False,2154,no_cond22Apr2,198000
2019-04-22 16:11:35.319965,[0. 0.],[[[[0.55344005 0.51647751]]]],[[[[0.5 0.5]]]],15,False,1950,no_cond22Apr2,198000
2019-04-22 16:11:51.235307,[0. 0.],[[[[0.34655974 0.43348916]]]],[[[[0.5 0.5]]]],15,False,816,no_cond22Apr2,198000
2019-04-22 16:12:52.780686,[0. 0.],[[[[0.85181473 0.85772261]]]],[[[[0.5 0.5]]]],15,False,3145,no_cond22Apr2,198000
2019-04-22 16:13:17.873379,[0. 0.],[[[[0.49605336 0.54655962]]]],[[[[0.5 0.5]]]],15,False,1265,no_cond22Apr2,198000
2019-04-22 16:14:09.037086,[0. 0.],[[[[0.53618471 0.71906169]]]],[[[[0.5 0.5]]]],15,False,2613,no_cond22Apr2,198000
2019-04-22 16:14:37.994791,[0. 0.],[[[[0.78040126 0.66088477]]]],[[[[0.5 0.5]]]],15,False,1481,no_cond22Apr2,198000
2019-04-22 16:16:40.176217,[0. 0.],[[[[0.55795121 0.75137527]]]],[[[[0.5 0.5]]]],15,False,6261,no_cond22Apr2,198000
2019-04-22 16:18:31.769055,[0. 0.],[[[[0.8136096  0.63219603]]]],[[[[0.5 0.5]]]],15,False,5611,no_cond22Apr2,198000
2019-04-22 16:19:30.206410,[0. 0.],[[[[0.95313075 0.78615244]]]],[[[[1.  0.5]]]],15,False,734,no_cond22Apr2,198000
2019-04-22 16:19:33.095855,[0. 0.],[[[[1.         0.52871535]]]],[[[[1.  0.5]]]],15,False,45,no_cond22Apr2,198000
2019-04-22 16:20:31.157523,[0. 0.],[[[[0.96489754 0.51647407]]]],[[[[1.  0.5]]]],15,False,2816,no_cond22Apr2,198000
2019-04-22 16:21:09.943503,[0. 0.],[[[[1.         0.54289015]]]],[[[[1.  0.5]]]],15,False,1949,no_cond22Apr2,198000
2019-04-22 16:21:15.538062,[0. 0.],[[[[1.         0.40152672]]]],[[[[1.  0.5]]]],15,False,287,no_cond22Apr2,198000
2019-04-22 16:21:30.124090,[0. 0.],[[[[1.         0.41759291]]]],[[[[1.  0.5]]]],15,False,729,no_cond22Apr2,198000
2019-04-22 16:21:48.115767,[0. 0.],[[[[1.         0.75590607]]]],[[[[1.  0.5]]]],15,False,927,no_cond22Apr2,198000
2019-04-22 16:22:37.693234,[0. 0.],[[[[1.         0.57137525]]]],[[[[1.  0.5]]]],15,False,2490,no_cond22Apr2,198000
2019-04-22 16:22:55.488218,[0. 0.],[[[[1.        0.3304572]]]],[[[[1.  0.5]]]],15,False,896,no_cond22Apr2,198000
2019-04-22 16:23:27.220085,[0. 0.],[[[[1.        0.6175015]]]],[[[[1.  0.5]]]],15,False,1598,no_cond22Apr2,198000
2019-04-22 16:23:41.432741,[0. 0.],[[[[0.93290026 0.67602861]]]],[[[[1.  0.5]]]],15,False,174,no_cond22Apr2,198000
2019-04-22 16:23:43.345180,[0. 0.],[[[[1.         0.68343518]]]],[[[[1.  0.5]]]],15,False,95,no_cond22Apr2,198000
2019-04-22 16:23:59.771049,[0. 0.],[[[[1.        0.5141746]]]],[[[[1.  0.5]]]],15,False,832,no_cond22Apr2,198000
2019-04-22 16:24:24.319826,[0. 0.],[[[[0.84209537 0.36640486]]]],[[[[1.  0.5]]]],15,False,1231,no_cond22Apr2,198000
2019-04-22 16:24:34.514174,[0. 0.],[[[[0.84180365 0.56587124]]]],[[[[1.  0.5]]]],15,False,512,no_cond22Apr2,198000
2019-04-22 16:24:44.121660,[0. 0.],[[[[0.81758714 0.61915301]]]],[[[[1.  0.5]]]],15,False,480,no_cond22Apr2,198000
2019-04-22 16:24:55.122201,[0. 0.],[[[[1.         0.55782068]]]],[[[[1.  0.5]]]],15,False,558,no_cond22Apr2,198000
2019-04-22 16:25:03.510788,[0. 0.],[[[[0.84649324 0.44079069]]]],[[[[1.  0.5]]]],15,False,416,no_cond22Apr2,198000
2019-04-22 16:25:40.574145,[0. 0.],[[[[0.79370016 0.29206195]]]],[[[[1.  0.5]]]],15,False,1840,no_cond22Apr2,198000
2019-04-22 16:26:05.161376,[0. 0.],[[[[0.93689956 0.59444868]]]],[[[[1.  0.5]]]],15,False,1231,no_cond22Apr2,198000
2019-04-22 16:28:23.012352,[0. 0.],[[[[-0.57007504  0.4541407 ]]]],[[[[-0.5  0.5]]]],15,False,6383,no_cond22Apr2,198000
2019-04-22 16:28:28.052720,[0. 0.],[[[[-0.61348498  0.65258814]]]],[[[[-0.5  0.5]]]],15,False,247,no_cond22Apr2,198000
2019-04-22 16:30:25.485713,[0. 0.],[[[[-0.42603563  0.54238255]]]],[[[[-0.5  0.5]]]],15,False,5888,no_cond22Apr2,198000
2019-04-22 16:30:33.851275,[0. 0.],[[[[-0.79474505  0.78480747]]]],[[[[-0.5  0.5]]]],15,False,407,no_cond22Apr2,198000
2019-04-22 16:32:02.140786,[0. 0.],[[[[-0.55102972  0.59042401]]]],[[[[-0.5  0.5]]]],15,False,4397,no_cond22Apr2,198000
2019-04-22 16:32:20.430409,[0. 0.],[[[[-0.65016127  0.67192419]]]],[[[[-0.5  0.5]]]],15,False,920,no_cond22Apr2,198000
2019-04-22 16:33:25.897724,[0. 0.],[[[[-0.32294999  0.62827116]]]],[[[[-0.5  0.5]]]],15,False,3277,no_cond22Apr2,198000
2019-04-22 16:34:49.408048,[0. 0.],[[[[-0.59025553  0.7152039 ]]]],[[[[-0.5  0.5]]]],15,False,3149,no_cond22Apr2,198000
2019-04-22 16:35:21.298948,[0. 0.],[[[[-0.64215688  0.65496443]]]],[[[[-0.5  0.5]]]],15,False,1091,no_cond22Apr2,198000
2019-04-22 16:35:40.365571,[0. 0.],[[[[-0.3453721  0.5776828]]]],[[[[-0.5  0.5]]]],15,False,952,no_cond22Apr2,198000
2019-04-22 16:35:58.650954,[0. 0.],[[[[-1.          0.74513677]]]],[[[[-1.   0.5]]]],15,False,240,no_cond22Apr2,198000
2019-04-22 16:36:05.936028,[0. 0.],[[[[-0.97650127  0.46507107]]]],[[[[-1.   0.5]]]],15,False,368,no_cond22Apr2,198000
2019-04-22 16:36:06.546718,[0. 0.],[[[[-0.79791765  0.60667519]]]],[[[[-1.   0.5]]]],15,False,31,no_cond22Apr2,198000
2019-04-22 16:36:07.816310,[0. 0.],[[[[-0.75967553  0.39312641]]]],[[[[-1.   0.5]]]],15,False,64,no_cond22Apr2,198000
2019-04-22 16:36:46.117252,[0. 0.],[[[[-1.          0.45826701]]]],[[[[-1.   0.5]]]],15,False,1919,no_cond22Apr2,198000
2019-04-22 16:37:10.285775,[0. 0.],[[[[-0.94764593  0.45835078]]]],[[[[-1.   0.5]]]],15,False,1216,no_cond22Apr2,198000
2019-04-22 16:37:32.085741,[0. 0.],[[[[-1.          0.58690657]]]],[[[[-1.   0.5]]]],15,False,1104,no_cond22Apr2,198000
2019-04-22 16:37:34.888506,[0. 0.],[[[[-1.        0.587959]]]],[[[[-1.   0.5]]]],15,False,144,no_cond22Apr2,198000
2019-04-22 16:37:35.532167,[0. 0.],[[[[-1.          0.48741995]]]],[[[[-1.   0.5]]]],15,False,32,no_cond22Apr2,198000
2019-04-22 16:37:49.470738,[0. 0.],[[[[-0.94928687  0.57030764]]]],[[[[-1.   0.5]]]],15,False,703,no_cond22Apr2,198000
2019-04-22 16:38:21.169338,[0. 0.],[[[[-0.92085043  0.65447338]]]],[[[[-1.   0.5]]]],15,False,736,no_cond22Apr2,198000
2019-04-22 16:38:22.224606,[0. 0.],[[[[-1.          0.58456039]]]],[[[[-1.   0.5]]]],15,False,48,no_cond22Apr2,198000
2019-04-22 16:38:49.574165,[0. 0.],[[[[-0.87332415  0.57338991]]]],[[[[-1.   0.5]]]],15,False,1312,no_cond22Apr2,198000
2019-04-22 16:39:16.149590,[0. 0.],[[[[-1.          0.37559091]]]],[[[[-1.   0.5]]]],15,False,1360,no_cond22Apr2,198000
2019-04-22 16:39:36.595582,[0. 0.],[[[[-1.          0.43074998]]]],[[[[-1.   0.5]]]],15,False,1039,no_cond22Apr2,198000
2019-04-22 16:39:53.944840,[0. 0.],[[[[-1.          0.61652255]]]],[[[[-1.   0.5]]]],15,False,896,no_cond22Apr2,198000
2019-04-22 16:39:55.883832,[0. 0.],[[[[-0.99947466  0.55494228]]]],[[[[-1.   0.5]]]],15,False,96,no_cond22Apr2,198000
2019-04-22 16:40:27.809314,[0. 0.],[[[[-1.          0.78321433]]]],[[[[-1.   0.5]]]],15,False,1631,no_cond22Apr2,198000
2019-04-22 16:41:31.780599,[0. 0.],[[[[-1.          0.41533882]]]],[[[[-1.   0.5]]]],15,False,3279,no_cond22Apr2,198000
2019-04-22 16:42:01.998244,[0. 0.],[[[[-0.96174553  0.4146341 ]]]],[[[[-1.   0.5]]]],15,False,1552,no_cond22Apr2,198000
2019-04-29 18:18:27.898392,[0.1 0. ],[[[[ 0.96535821 -0.72883458]]]],[[[[ 0.7 -0.8]]]],,100,False,4218,429_maze_baselin,1500
2019-04-29 19:29:43.737310,[-0.85 -0.85],[[[[ 0.89288797 -0.73561839]]]],[[[[ 0.7 -0.8]]]],,100,False,22945,429_maze_baselin,2100
2019-04-29 20:02:57.979422,[-0.85 -0.85],[[[[ 0.94667494 -0.99285403]]]],[[[[ 0.7 -0.8]]]],,100,False,19586,429_maze_baselin,2200
2019-04-29 21:31:49.797835,[-0.85 -0.85],[[[[ 0.87380147 -0.70184839]]]],[[[[ 0.7 -0.8]]]],,100,False,39881,429_maze_baselin,3300
<<<<<<< Updated upstream
2019-05-02 15:14:39.449629,[-0.85 -0.85],[[[[-0.89769318 -0.28465554]]]],[[[[ 0.7 -0.8]]]],,100,True,1001,ff_model_smoketest,7000
2019-05-02 15:28:32.677048,[-0.85 -0.85],[[[[-0.83224708  0.97567207]]]],[[[[ 0.7 -0.8]]]],,100,True,1040,ff_model_smoketest,7000
2019-05-02 15:31:04.693569,[-0.85 -0.85],[[[[-0.27581596  0.51939183]]]],[[[[ 0.7 -0.8]]]],,100,True,1003,ff_model_smoketest,7000
2019-05-02 15:33:39.946472,[-0.85 -0.85],[[[[-0.26606959 -0.57019174]]]],[[[[ 0.7 -0.8]]]],,100,True,1004,ff_model_smoketest,7000
2019-05-02 15:36:35.246454,[-0.85 -0.85],[[[[-0.26606959 -0.57019174]]]],[[[[ 0.7 -0.8]]]],,100,True,1004,ff_model_smoketest,7000
2019-05-02 15:39:25.410584,[-0.85 -0.85],[[[[-0.25000644 -0.52019664]]]],[[[[ 0.7 -0.8]]]],,100,True,1002,ff_model_smoketest,7000
2019-05-02 15:42:07.092231,[-0.85 -0.85],[[[[-0.25000644 -0.52019664]]]],[[[[ 0.7 -0.8]]]],,100,True,1006,ff_model_smoketest,7000
2019-05-02 15:45:00.215642,[-0.85 -0.85],[[[[-0.25000644 -0.52019664]]]],[[[[ 0.7 -0.8]]]],,100,True,1009,ff_model_smoketest,7000
2019-05-02 15:47:43.565457,[-0.85 -0.85],[[[[-0.25926364 -0.57017248]]]],[[[[ 0.7 -0.8]]]],,100,True,1006,ff_model_smoketest,7000
2019-05-02 15:50:34.040074,[-0.85 -0.85],[[[[-0.25140488 -0.52017545]]]],[[[[ 0.7 -0.8]]]],,100,True,1007,ff_model_smoketest,7000
2019-05-02 15:53:31.549821,[-0.85 -0.85],[[[[-0.25140488 -0.52017545]]]],[[[[ 0.7 -0.8]]]],,100,True,1005,ff_model_smoketest,7000
2019-05-02 19:44:40.914592,[6.24532812e+00 6.25675433e+00 9.84111608e-04 2.83846378e-03],[[[[ 1.01921012  4.9759182  28.37068772  3.36607731]]]],[[[[0.7 0.5]]]],,10,True,50,reacher_ff_52,7000
2019-05-02 19:44:41.042057,[6.24532812e+00 6.25675433e+00 9.84111608e-04 2.83846378e-03],[[[[ 1.62043625  5.08232725 31.74045835  7.26195325]]]],[[[[0.7 0.5]]]],,10,True,1,reacher_ff_52,7000
2019-05-02 19:44:41.169509,[6.24532812e+00 6.25675433e+00 9.84111608e-04 2.83846378e-03],[[[[ 2.22758714  5.24462178 28.98380496  8.96168976]]]],[[[[0.7 0.5]]]],,10,True,1,reacher_ff_52,7000
2019-05-02 19:44:41.296243,[6.24532812e+00 6.25675433e+00 9.84111608e-04 2.83846378e-03],[[[[ 2.7617796   5.45555746 24.45055684 12.12116528]]]],[[[[0.7 0.5]]]],,10,True,1,reacher_ff_52,7000
2019-05-02 19:44:41.422980,[6.24532812e+00 6.25675433e+00 9.84111608e-04 2.83846378e-03],[[[[ 3.20623834  5.65587567 20.0103955   7.92450905]]]],[[[[0.7 0.5]]]],,10,True,1,reacher_ff_52,7000
2019-05-02 19:44:41.551203,[6.24532812e+00 6.25675433e+00 9.84111608e-04 2.83846378e-03],[[[[ 3.64214354  5.85251737 23.56819334 11.72697762]]]],[[[[0.7 0.5]]]],,10,True,1,reacher_ff_52,7000
2019-05-02 19:44:41.679577,[6.24532812e+00 6.25675433e+00 9.84111608e-04 2.83846378e-03],[[[[ 4.06914545  6.04502384 19.14689264  7.5375307 ]]]],[[[[0.7 0.5]]]],,10,True,1,reacher_ff_52,7000
2019-05-02 19:44:41.807711,[6.24532812e+00 6.25675433e+00 9.84111608e-04 2.83846378e-03],[[[[ 4.48795629  6.2339944  22.72231579 11.34678732]]]],[[[[0.7 0.5]]]],,10,True,1,reacher_ff_52,7000
2019-05-02 19:44:41.936837,[6.24532812e+00 6.25675433e+00 9.84111608e-04 2.83846378e-03],[[[[ 4.89821938  0.13577997 18.31869786  7.1641821 ]]]],[[[[0.7 0.5]]]],,10,True,1,reacher_ff_52,7000
2019-05-02 19:44:42.065983,[6.24532812e+00 6.25675433e+00 9.84111608e-04 2.83846378e-03],[[[[ 5.22590399  0.24828875 14.46258276  4.09690635]]]],[[[[0.7 0.5]]]],,10,True,1,reacher_ff_52,7000
2019-05-02 19:47:24.295627,[ 6.18429152e+00  2.57932276e-02  4.37840857e-03 -8.34865652e-04],[[[[ 0.8179956   2.84190204 16.73456804 -8.15623844]]]],[[[[0.7 0.5]]]],,10,True,50,reacher_ff_52,7000
2019-05-02 19:47:24.547867,[ 6.18429152e+00  2.57932276e-02  4.37840857e-03 -8.34865652e-04],[[[[ 1.14997625  2.70994889 16.46439361 -5.049453  ]]]],[[[[0.7 0.5]]]],,10,True,1,reacher_ff_52,7000
2019-05-02 19:47:24.806524,[ 6.18429152e+00  2.57932276e-02  4.37840857e-03 -8.34865652e-04],[[[[ 1.515716    2.64968547 20.09749314 -0.99047629]]]],[[[[0.7 0.5]]]],,10,True,1,reacher_ff_52,7000
2019-05-02 19:47:25.078822,[ 6.18429152e+00  2.57932276e-02  4.37840857e-03 -8.34865652e-04],[[[[ 1.87394899  2.59033674 15.74030246 -4.93121434]]]],[[[[0.7 0.5]]]],,10,True,1,reacher_ff_52,7000
2019-05-02 19:47:25.331166,[ 6.18429152e+00  2.57932276e-02  4.37840857e-03 -8.34865652e-04],[[[[ 2.21735171  2.53241348 18.59049723 -0.87468427]]]],[[[[0.7 0.5]]]],,10,True,1,reacher_ff_52,7000
2019-05-02 19:47:25.585377,[ 6.18429152e+00  2.57932276e-02  4.37840857e-03 -8.34865652e-04],[[[[ 2.60415064  2.47535654 20.08435633 -4.81790715]]]],[[[[0.7 0.5]]]],,10,True,1,reacher_ff_52,7000
2019-05-02 19:47:25.839560,[ 6.18429152e+00  2.57932276e-02  4.37840857e-03 -8.34865652e-04],[[[[ 3.04156611  2.41967052 23.64536951 -0.76429787]]]],[[[[0.7 0.5]]]],,10,True,1,reacher_ff_52,7000
2019-05-02 19:47:26.093018,[ 6.18429152e+00  2.57932276e-02  4.37840857e-03 -8.34865652e-04],[[[[ 3.47005481  2.36479469 19.21820638 -4.71004837]]]],[[[[0.7 0.5]]]],,10,True,1,reacher_ff_52,7000
2019-05-02 19:47:26.353383,[ 6.18429152e+00  2.57932276e-02  4.37840857e-03 -8.34865652e-04],[[[[ 3.89031731  2.31124336 22.79617138 -0.6586824 ]]]],[[[[0.7 0.5]]]],,10,True,1,reacher_ff_52,7000
2019-05-02 19:47:26.612284,[ 6.18429152e+00  2.57932276e-02  4.37840857e-03 -8.34865652e-04],[[[[ 4.38143303  2.3379091  26.30383487  3.31194169]]]],[[[[0.7 0.5]]]],,10,True,1,reacher_ff_52,7000
2019-05-02 19:48:48.527798,[ 6.22865402e+00  6.23923138e+00 -4.46040326e-03  4.35670193e-04],[[[[3.98320808 2.07578982 3.57426923 6.24961445]]]],[[[[0.7 0.5]]]],,10,True,50,reacher_ff_52,7000
2019-05-02 19:48:48.536107,[ 6.22865402e+00  6.23923138e+00 -4.46040326e-03  4.35670193e-04],[[[[4.05350081 2.19735377 3.45538948 5.90791978]]]],[[[[0.7 0.5]]]],,10,True,1,reacher_ff_52,7000
2019-05-02 19:48:48.544269,[ 6.22865402e+00  6.23923138e+00 -4.46040326e-03  4.35670193e-04],[[[[4.12439242 2.31636328 3.63317797 5.99274922]]]],[[[[0.7 0.5]]]],,10,True,1,reacher_ff_52,7000
2019-05-02 19:48:48.552169,[ 6.22865402e+00  6.23923138e+00 -4.46040326e-03  4.35670193e-04],[[[[4.19559189 2.43559492 3.48724834 5.93062284]]]],[[[[0.7 0.5]]]],,10,True,1,reacher_ff_52,7000
2019-05-02 19:48:48.559778,[ 6.22865402e+00  6.23923138e+00 -4.46040326e-03  4.35670193e-04],[[[[4.26352701 2.55263476 3.30685617 5.77388418]]]],[[[[0.7 0.5]]]],,10,True,1,reacher_ff_52,7000
2019-05-02 19:48:48.567637,[ 6.22865402e+00  6.23923138e+00 -4.46040326e-03  4.35670193e-04],[[[[4.33213    2.66585563 3.55261914 5.54895372]]]],[[[[0.7 0.5]]]],,10,True,1,reacher_ff_52,7000
2019-05-02 19:48:48.575419,[ 6.22865402e+00  6.23923138e+00 -4.46040326e-03  4.35670193e-04],[[[[4.40453623 2.77432127 3.68754829 5.29844605]]]],[[[[0.7 0.5]]]],,10,True,1,reacher_ff_52,7000
2019-05-02 19:48:48.582657,[ 6.22865402e+00  6.23923138e+00 -4.46040326e-03  4.35670193e-04],[[[[4.48044864 2.88273823 3.90297204 5.54243766]]]],[[[[0.7 0.5]]]],,10,True,1,reacher_ff_52,7000
2019-05-02 19:48:48.590238,[ 6.22865402e+00  6.23923138e+00 -4.46040326e-03  4.35670193e-04],[[[[4.54858405 3.00121498 2.91380846 5.18761594]]]],[[[[0.7 0.5]]]],,10,True,1,reacher_ff_52,7000
2019-05-02 19:48:48.597662,[ 6.22865402e+00  6.23923138e+00 -4.46040326e-03  4.35670193e-04],[[[[4.64600366 3.03997491 6.81520689 0.0589365 ]]]],[[[[0.7 0.5]]]],,10,True,1,reacher_ff_52,7000
2019-05-02 19:50:06.439203,[ 0.04979963  0.0265342  -0.0023259   0.00246454],[[[[ 5.02550875  1.37492606  0.29170785 11.37763422]]]],[[[[0.7 0.5]]]],,10,True,50,reacher_ff_52,7000
2019-05-02 19:50:06.447189,[ 0.04979963  0.0265342  -0.0023259   0.00246454],[[[[ 5.03660198  1.60523688  0.81589629 11.6525354 ]]]],[[[[0.7 0.5]]]],,10,True,1,reacher_ff_52,7000
2019-05-02 19:50:06.455367,[ 0.04979963  0.0265342  -0.0023259   0.00246454],[[[[ 5.05546964  1.83944069  1.07003074 11.76746468]]]],[[[[0.7 0.5]]]],,10,True,1,reacher_ff_52,7000
2019-05-02 19:50:06.463324,[ 0.04979963  0.0265342  -0.0023259   0.00246454],[[[[ 5.07985142  2.07728837  1.367162   12.01647554]]]],[[[[0.7 0.5]]]],,10,True,1,reacher_ff_52,7000
2019-05-02 19:50:06.471263,[ 0.04979963  0.0265342  -0.0023259   0.00246454],[[[[ 5.1074466   2.31910113  1.39225789 12.16430834]]]],[[[[0.7 0.5]]]],,10,True,1,reacher_ff_52,7000
2019-05-02 19:50:06.478737,[ 0.04979963  0.0265342  -0.0023259   0.00246454],[[[[ 5.1359746   2.56194924  1.46029175 12.12064851]]]],[[[[0.7 0.5]]]],,10,True,1,reacher_ff_52,7000
2019-05-02 19:50:06.486094,[ 0.04979963  0.0265342  -0.0023259   0.00246454],[[[[ 5.16615392  2.80564034  1.55729073 12.24803766]]]],[[[[0.7 0.5]]]],,10,True,1,reacher_ff_52,7000
2019-05-02 19:50:06.493872,[ 0.04979963  0.0265342  -0.0023259   0.00246454],[[[[5.236717   3.04482848 5.48578671 8.89664808]]]],[[[[0.7 0.5]]]],,10,True,1,reacher_ff_52,7000
2019-05-02 19:50:06.501421,[ 0.04979963  0.0265342  -0.0023259   0.00246454],[[[[ 5.32491797  3.09896433  3.34156838 -0.75135462]]]],[[[[0.7 0.5]]]],,10,True,1,reacher_ff_52,7000
2019-05-02 19:50:06.508969,[ 0.04979963  0.0265342  -0.0023259   0.00246454],[[[[ 5.35135885  3.04435681 -0.6840607  -4.69624841]]]],[[[[0.7 0.5]]]],,10,True,1,reacher_ff_52,7000
2019-05-02 19:51:31.897986,[ 2.30266139e-02  6.24017084e+00 -1.92018920e-03  2.50547093e-03],[[[[ 0.92157469  5.6974023  -8.28177673  4.53939107]]]],[[[[0.7 0.5]]]],,10,True,50,reacher_ff_52,7000
2019-05-02 19:51:31.905764,[ 2.30266139e-02  6.24017084e+00 -1.92018920e-03  2.50547093e-03],[[[[ 0.79726299  5.82700261 -4.16315402  8.40772134]]]],[[[[0.7 0.5]]]],,10,True,1,reacher_ff_52,7000
2019-05-02 19:51:31.913921,[ 2.30266139e-02  6.24017084e+00 -1.92018920e-03  2.50547093e-03],[[[[ 0.73347769  6.01552185 -2.22186374 10.43743128]]]],[[[[0.7 0.5]]]],,10,True,1,reacher_ff_52,7000
2019-05-02 19:51:31.921929,[ 2.30266139e-02  6.24017084e+00 -1.92018920e-03  2.50547093e-03],[[[[ 0.68325968  6.26192731 -2.79800794 14.19060458]]]],[[[[0.7 0.5]]]],,10,True,1,reacher_ff_52,7000
2019-05-02 19:51:31.929849,[ 2.30266139e-02  6.24017084e+00 -1.92018920e-03  2.50547093e-03],[[[[ 0.62928155  0.2577543  -2.60043992 13.71221896]]]],[[[[0.7 0.5]]]],,10,True,1,reacher_ff_52,7000
2019-05-02 19:51:31.937722,[ 2.30266139e-02  6.24017084e+00 -1.92018920e-03  2.50547093e-03],[[[[ 0.57654759  0.5282742  -2.67270049 13.34100612]]]],[[[[0.7 0.5]]]],,10,True,1,reacher_ff_52,7000
2019-05-02 19:51:31.945278,[ 2.30266139e-02  6.24017084e+00 -1.92018920e-03  2.50547093e-03],[[[[ 0.53846085  0.80593507 -1.14099426 14.421494  ]]]],[[[[0.7 0.5]]]],,10,True,1,reacher_ff_52,7000
2019-05-02 19:51:31.953000,[ 2.30266139e-02  6.24017084e+00 -1.92018920e-03  2.50547093e-03],[[[[ 0.51885107  1.09410223 -0.82101722 14.39531243]]]],[[[[0.7 0.5]]]],,10,True,1,reacher_ff_52,7000
2019-05-02 19:51:31.961481,[ 2.30266139e-02  6.24017084e+00 -1.92018920e-03  2.50547093e-03],[[[[ 0.50240216  1.37884005 -0.82386093 14.07952193]]]],[[[[0.7 0.5]]]],,10,True,1,reacher_ff_52,7000
2019-05-02 19:51:31.969137,[ 2.30266139e-02  6.24017084e+00 -1.92018920e-03  2.50547093e-03],[[[[ 0.48481187  1.65866241 -0.93480649 13.9032997 ]]]],[[[[0.7 0.5]]]],,10,True,1,reacher_ff_52,7000
2019-05-02 19:54:40.435364,[6.23147015e+00 8.93398984e-03 4.14862135e-03 9.70713914e-05],[[[[ 2.59301041  5.85660406  2.86295081 -1.61846989]]]],[[[[0.7 0.5]]]],,10,True,50,reacher_ff_52,7000
2019-05-02 19:54:40.656751,[ 6.26582461e+00  6.26340372e+00 -1.42754444e-03  1.45008762e-03],[[[[ 0.77588826  3.00770597  7.02886888 -0.17890439]]]],[[[[0.7 0.5]]]],,10,True,50,reacher_ff_52,7000
2019-05-02 19:54:40.872851,[5.76185591e-02 6.20527456e+00 1.74736073e-03 1.34444533e-03],[[[[ 2.79928477  2.98871307 10.10864112 -3.29015594]]]],[[[[0.7 0.5]]]],,10,True,50,reacher_ff_52,7000
2019-05-02 19:54:41.085187,[ 6.25589207e+00  7.35427508e-02 -4.47033244e-03 -7.67819459e-04],[[[[6.27515382 2.49309536 2.88633472 3.34338935]]]],[[[[0.7 0.5]]]],,10,True,50,reacher_ff_52,7000
2019-05-02 19:54:41.301843,[ 6.77939317e-02  6.22394698e+00 -3.87744221e-04  9.22705774e-04],[[[[ 5.66119735  2.61304053 12.72017761  4.99896236]]]],[[[[0.7 0.5]]]],,10,True,50,reacher_ff_52,7000
2019-05-02 19:54:41.509248,[ 0.07978008  0.07019749 -0.00359199 -0.00210204],[[[[ 4.06158342  2.77892113 13.79553302  8.46245233]]]],[[[[0.7 0.5]]]],,10,True,50,reacher_ff_52,7000
2019-05-02 19:54:41.722758,[ 6.24541943e+00  6.39058462e-03 -3.49770785e-03  2.81685491e-03],[[[[ 4.65125209  2.92637387 13.93394507  5.21237438]]]],[[[[0.7 0.5]]]],,10,True,50,reacher_ff_52,7000
2019-05-02 19:54:41.937891,[ 0.07683781  0.03765626 -0.00234979  0.00097702],[[[[3.83893229 0.48241461 6.87466718 3.48517739]]]],[[[[0.7 0.5]]]],,10,True,50,reacher_ff_52,7000
2019-05-02 19:54:42.153697,[ 0.04758624  0.07454074  0.0001547  -0.00119871],[[[[2.24148602 2.97216735 0.06359941 5.00547362]]]],[[[[0.7 0.5]]]],,10,True,50,reacher_ff_52,7000
2019-05-02 19:54:42.372247,[ 6.22688363e+00  6.18656233e+00 -1.66970206e-03  4.81863258e-03],[[[[ 1.05956824  3.39150889  9.45820691 -3.91659099]]]],[[[[0.7 0.5]]]],,10,True,50,reacher_ff_52,7000
2019-05-02 19:58:09.447589,[ 6.27362715e+00  6.23411278e+00 -2.89320060e-04 -2.40756741e-03],[[[[ 4.64425439  5.27107632 -8.045636   -8.56579319]]]],[[[[0.7 0.5]]]],,10,True,50,reacher_ff_52,7000
2019-05-02 19:58:09.685877,[ 0.0369062   0.07295845 -0.00209407 -0.00333026],[[[[ 5.0599252   0.61204109 12.95980188  4.82035373]]]],[[[[0.7 0.5]]]],,10,True,50,reacher_ff_52,7000
2019-05-02 19:58:09.927551,[6.22467811e+00 1.02598513e-02 1.59969008e-03 8.71897626e-04],[[[[ 1.32200678  2.85632274 13.9600877  -0.31060425]]]],[[[[0.7 0.5]]]],,10,True,50,reacher_ff_52,7000
2019-05-02 19:58:10.170701,[6.52972827e-02 6.23189247e+00 3.67484899e-03 8.02032983e-04],[[[[ 4.74215423  5.40596655 10.98981395 -6.04699791]]]],[[[[0.7 0.5]]]],,10,True,50,reacher_ff_52,7000
2019-05-02 19:58:10.405626,[ 6.21283453e-02  6.20093384e+00 -2.14643491e-03  7.28645919e-04],[[[[2.25317331 0.63976123 2.1318817  0.17162865]]]],[[[[0.7 0.5]]]],,10,True,50,reacher_ff_52,7000
2019-05-02 19:58:10.644861,[ 6.26559519e+00  6.20870817e+00 -2.17096151e-03  4.54082019e-03],[[[[ 2.61780199  2.73270913 23.36822422  0.57139406]]]],[[[[0.7 0.5]]]],,10,True,50,reacher_ff_52,7000
2019-05-02 19:58:10.881444,[4.60048318e-02 7.96818287e-02 2.64382346e-03 5.64216283e-05],[[[[3.89380183 2.94672946 9.97068206 4.50295556]]]],[[[[0.7 0.5]]]],,10,True,50,reacher_ff_52,7000
2019-05-02 19:58:11.119150,[0.05364241 0.05367341 0.00354969 0.00096969],[[[[ 0.77287555  0.06224275 -5.43358295 25.8222062 ]]]],[[[[0.7 0.5]]]],,10,True,50,reacher_ff_52,7000
2019-05-02 19:58:11.348350,[6.26819799e+00 6.25324164e+00 1.74697147e-03 3.03134666e-03],[[[[ 4.52884446  2.98541201 11.59883556 -1.49558163]]]],[[[[0.7 0.5]]]],,10,True,50,reacher_ff_52,7000
2019-05-02 19:58:11.585356,[ 6.27231758e+00  6.27487643e+00 -2.75603404e-03 -2.61116813e-03],[[[[ 4.94545396  4.68236199 -0.41247723 -2.68384204]]]],[[[[0.7 0.5]]]],,10,True,50,reacher_ff_52,7000
2019-05-02 19:58:52.944901,[ 6.27092175e+00  6.25770759e+00 -3.59855388e-03  1.60891860e-03],[[[[5.02887182 3.02590934 2.12655377 6.35864698]]]],[[[[0.7 0.5]]]],,10,True,50,reacher_ff_52,7000
2019-05-02 19:58:55.714625,[ 6.23147074e+00  6.21134110e+00  1.73205587e-03 -2.69808704e-03],[[[[ 2.58029516  2.51137273 18.08332825 -5.24503677]]]],[[[[0.7 0.5]]]],,10,True,50,reacher_ff_52,7000
2019-05-02 19:58:58.295732,[9.13415582e-02 6.24696076e+00 4.70630045e-03 1.76427537e-03],[[[[ 5.53064801  2.83397588 24.20571089 -1.16221341]]]],[[[[0.7 0.5]]]],,10,True,50,reacher_ff_52,7000
2019-05-02 19:59:18.539243,[7.24070233e-03 6.18348680e+00 3.05726749e-03 3.19111676e-03],[[[[ 1.36573576  2.93352835 19.89449946 -1.97616953]]]],[[[[0.7 0.5]]]],,10,True,50,reacher_ff_52,7000
2019-05-02 19:59:21.247756,[ 0.00679167  0.05042304 -0.0036827  -0.00409643],[[[[ 2.18969709  2.70074118 19.79167884 -0.3002749 ]]]],[[[[0.7 0.5]]]],,10,True,50,reacher_ff_52,7000
2019-05-02 19:59:23.799641,[ 5.18107281e-02  6.25076864e+00 -3.51625994e-04 -5.84387068e-04],[[[[ 3.42998651  2.9665456  25.4898347  -2.43108764]]]],[[[[0.7 0.5]]]],,10,True,50,reacher_ff_52,7000
2019-05-02 19:59:26.525810,[6.24634973e+00 9.26092726e-02 1.50922568e-03 8.31971628e-04],[[[[ 4.41913387  2.73878673 22.12403029  1.65551881]]]],[[[[0.7 0.5]]]],,10,True,50,reacher_ff_52,7000
2019-05-02 19:59:29.184209,[ 7.36854620e-03  6.24532382e+00 -1.70560269e-03  1.85666452e-03],[[[[ 5.28846729  2.96728478 23.63391453  1.25242421]]]],[[[[0.7 0.5]]]],,10,True,50,reacher_ff_52,7000
2019-05-02 19:59:31.730909,[ 0.00838551  0.04077745 -0.00470214 -0.00481141],[[[[5.45636234 2.99735836 2.95661591 1.08508646]]]],[[[[0.7 0.5]]]],,10,True,50,reacher_ff_52,7000
2019-05-02 19:59:34.458245,[ 6.28252434e+00  8.91909708e-02 -3.98581853e-03  3.45175625e-03],[[[[ 2.9486914   1.31796879 14.18331178  6.12707875]]]],[[[[0.7 0.5]]]],,10,True,50,reacher_ff_52,7000
2019-05-02 20:00:24.181696,[ 0.03293817  0.05213839 -0.00235624 -0.00329095],[[[[ 1.65590935  2.95417688 31.20956165  1.11681215]]]],[[[[0.7 0.5]]]],,10,True,50,reacher_ff_52,7000
2019-05-02 20:00:26.960979,[ 6.20150693e+00  6.24912189e+00 -3.09296247e-03  3.36076747e-03],[[[[ 2.16876302  2.07697389 -9.06088248 13.60330538]]]],[[[[0.7 0.5]]]],,10,True,50,reacher_ff_52,7000
2019-05-02 20:00:29.720074,[ 6.19136896e+00  8.15776942e-02 -3.77141970e-03 -2.61117953e-03],[[[[ 5.19238007  3.0641262   5.66822047 -0.64049037]]]],[[[[0.7 0.5]]]],,10,True,50,reacher_ff_52,7000
2019-05-02 20:00:32.527535,[ 6.18908130e+00  6.19463265e+00 -2.43859764e-03  2.56495725e-04],[[[[ 6.16864169  3.23838305 -1.27755004  7.94721694]]]],[[[[0.7 0.5]]]],,10,True,50,reacher_ff_52,7000
2019-05-02 20:00:35.309252,[ 6.26879105e+00  6.20543461e+00  2.05577651e-03 -1.19370787e-03],[[[[ 3.57823319  1.99817493 12.15620774 -2.32407329]]]],[[[[0.7 0.5]]]],,10,True,50,reacher_ff_52,7000
2019-05-02 20:00:38.051150,[ 0.05622595  0.00092526 -0.00474066  0.00419556],[[[[ 5.9702891   2.5874457  24.31900337 -0.05953507]]]],[[[[0.7 0.5]]]],,10,True,50,reacher_ff_52,7000
2019-05-02 20:00:40.741985,[ 9.09889701e-02  6.23518168e+00 -2.12142641e-03 -4.18364388e-03],[[[[ 4.45388896  2.97453435 24.72784908  1.2532815 ]]]],[[[[0.7 0.5]]]],,10,True,50,reacher_ff_52,7000
2019-05-02 20:00:43.549991,[ 6.20535032e+00  4.62225809e-02  8.76539947e-04 -2.59572838e-03],[[[[ 3.43952662  0.73684303 20.86293446 16.49616997]]]],[[[[0.7 0.5]]]],,10,True,50,reacher_ff_52,7000
2019-05-02 20:00:46.262442,[ 6.85552774e-02  6.24057413e+00 -3.65933548e-04 -3.82601735e-03],[[[[3.63156267 1.27807709 6.90489853 8.39364486]]]],[[[[0.7 0.5]]]],,10,True,50,reacher_ff_52,7000
2019-05-02 20:00:48.987614,[ 0.03700131  0.04501656 -0.0047459   0.00426328],[[[[ 0.92848247  2.71136125 26.68571995  4.83892251]]]],[[[[0.7 0.5]]]],,10,True,50,reacher_ff_52,7000
2019-05-02 20:02:22.625398,[ 0.0071868   0.08217945  0.00299847 -0.00412343],[[[[ 0.58943168  0.21706982  0.3181852  -0.30269474]]]],[[[[0.7 0.5]]]],,10,True,50,reacher_ff_52,-1
2019-05-02 20:02:25.236630,[ 6.19655013e+00  6.26228278e+00 -4.11614954e-03  1.66279971e-03],[[[[ 0.18631544  6.07652003 -0.81644807 -1.654554  ]]]],[[[[0.7 0.5]]]],,10,True,50,reacher_ff_52,-1
2019-05-02 20:02:27.575369,[ 0.07466915  0.07918197 -0.00134312  0.00326461],[[[[0.04124879 0.41243649 0.31107779 0.40684471]]]],[[[[0.7 0.5]]]],,10,True,50,reacher_ff_52,-1
2019-05-02 20:02:30.019136,[0.0392117  0.00106262 0.00284492 0.00259018],[[[[ 5.55581005  5.7935187  -2.31529385 -1.73666653]]]],[[[[0.7 0.5]]]],,10,True,50,reacher_ff_52,-1
2019-05-02 20:02:32.702452,[ 7.81493091e-02  6.24646310e+00 -4.86425951e-03 -2.69226626e-03],[[[[ 0.55951498  0.0223307  -0.26038886  0.10935454]]]],[[[[0.7 0.5]]]],,10,True,50,reacher_ff_52,-1
2019-05-02 20:02:35.359265,[ 1.51724506e-02  6.26146470e+00 -3.51526008e-03  4.65961808e-03],[[[[ 6.07781683  0.04419403 -0.51440035 -0.08168961]]]],[[[[0.7 0.5]]]],,10,True,50,reacher_ff_52,-1
2019-05-02 20:02:37.951152,[ 5.48903668e-02  6.20474837e+00  4.34407380e-03 -3.87061924e-03],[[[[0.4549451  0.30671778 0.91785615 0.77217219]]]],[[[[0.7 0.5]]]],,10,True,50,reacher_ff_52,-1
2019-05-02 20:02:40.555130,[1.64045239e-02 6.20924798e+00 2.69562801e-03 2.97702043e-03],[[[[ 6.04066711  1.1396549  -0.19402953  0.33831486]]]],[[[[0.7 0.5]]]],,10,True,50,reacher_ff_52,-1
2019-05-02 20:02:43.179703,[6.28020365e+00 4.65896051e-03 9.35715315e-04 3.81548106e-03],[[[[ 5.92444289  6.16700135 -0.55045913 -0.22874945]]]],[[[[0.7 0.5]]]],,10,True,50,reacher_ff_52,-1
2019-05-02 20:02:45.774227,[8.53421693e-02 6.25269222e+00 1.59995174e-03 3.29786482e-03],[[[[0.61455771 0.07660962 1.05873195 0.84947231]]]],[[[[0.7 0.5]]]],,10,True,50,reacher_ff_52,-1
2019-05-02 21:43:28.071228,[0. 0.],[[[[0.38705376 0.41167448]]]],[[[[0.5 0.5]]]],,10,False,1775,particle_ebm_502,12000
2019-05-02 21:44:25.993526,[0. 0.],[[[[0.39218066 0.46763013]]]],[[[[0.5 0.5]]]],,10,False,555,particle_ebm_502,12000
2019-05-02 21:46:02.001596,[0. 0.],[[[[0.49105435 0.42134599]]]],[[[[0.5 0.5]]]],,10,False,1970,particle_ebm_502,12000
2019-05-02 21:47:37.007425,[0. 0.],[[[[0.37183502 0.50943077]]]],[[[[0.5 0.5]]]],,10,False,318,particle_ebm_502,12000
2019-05-02 21:48:35.188018,[0. 0.],[[[[0.50832478 0.50595977]]]],[[[[0.5 0.5]]]],,10,False,555,particle_ebm_502,12000
2019-05-02 21:50:04.708924,[0. 0.],[[[[0.53400416 0.4838583 ]]]],[[[[0.5 0.5]]]],,10,False,1465,particle_ebm_502,12000
2019-05-02 21:51:46.515823,[0. 0.],[[[[0.65549105 0.49277046]]]],[[[[0.5 0.5]]]],,10,False,510,particle_ebm_502,12000
2019-05-02 22:09:50.224216,[0. 0.],[[[[0.43185033 0.44031757]]]],[[[[0.5 0.5]]]],,10,False,251,particle_ebm_502,12000
2019-05-02 22:10:06.076061,[0. 0.],[[[[0.12188635 1.        ]]]],[[[[0.5 0.5]]]],,10,True,1010,particle_ff_502,9000
2019-05-02 22:10:13.826795,[0. 0.],[[[[0.39688878 0.75012567]]]],[[[[0.5 0.5]]]],,10,False,1002,particle_ebm_502,12000
2019-05-02 22:10:19.298903,[0. 0.],[[[[0.13301848 1.        ]]]],[[[[0.5 0.5]]]],,10,True,1010,particle_ff_502,9000
2019-05-02 22:10:32.233639,[0. 0.],[[[[0.15348237 0.98623757]]]],[[[[0.5 0.5]]]],,10,True,1010,particle_ff_502,9000
2019-05-02 22:10:37.243053,[0. 0.],[[[[0.45452962 0.61458359]]]],[[[[0.5 0.5]]]],,10,False,1006,particle_ebm_502,12000
2019-05-02 22:10:45.721140,[0. 0.],[[[[0.08364334 0.97630071]]]],[[[[0.5 0.5]]]],,10,True,1010,particle_ff_502,9000
2019-05-02 22:10:47.963687,[0. 0.],[[[[0.47534134 0.50604475]]]],[[[[0.5 0.5]]]],,10,False,434,particle_ebm_502,12000
2019-05-02 22:10:56.333021,[0. 0.],[[[[0.34555663 0.52606965]]]],[[[[0.5 0.5]]]],,10,False,353,particle_ebm_502,12000
2019-05-02 22:10:58.811661,[0. 0.],[[[[0.13926814 1.        ]]]],[[[[0.5 0.5]]]],,10,True,1010,particle_ff_502,9000
2019-05-02 22:11:11.568554,[0. 0.],[[[[0.09326594 1.        ]]]],[[[[0.5 0.5]]]],,10,True,1010,particle_ff_502,9000
2019-05-02 22:11:11.712724,[0. 0.],[[[[0.51015024 0.57865887]]]],[[[[0.5 0.5]]]],,10,False,666,particle_ebm_502,12000
2019-05-02 22:11:18.277372,[0. 0.],[[[[0.43481262 0.65184907]]]],[[[[0.5 0.5]]]],,10,False,269,particle_ebm_502,12000
2019-05-02 22:11:24.407258,[0. 0.],[[[[0.13016377 1.        ]]]],[[[[0.5 0.5]]]],,10,True,1010,particle_ff_502,9000
2019-05-02 22:11:37.247708,[0. 0.],[[[[0.15338276 0.99565773]]]],[[[[0.5 0.5]]]],,10,True,1010,particle_ff_502,9000
2019-05-02 22:11:42.803592,[0. 0.],[[[[0.54497596 0.54371243]]]],[[[[0.5 0.5]]]],,10,False,1010,particle_ebm_502,12000
2019-05-02 22:11:50.410795,[0. 0.],[[[[0.17961649 1.        ]]]],[[[[0.5 0.5]]]],,10,True,1010,particle_ff_502,9000
2019-05-02 22:11:51.431504,[0. 0.],[[[[0.54150823 0.5819148 ]]]],[[[[0.5 0.5]]]],,10,False,356,particle_ebm_502,12000
2019-05-02 22:11:52.877083,[0. 0.],[[[[0.53626645 0.48053951]]]],[[[[0.5 0.5]]]],,10,False,61,particle_ebm_502,12000
2019-05-02 22:12:04.347289,[0. 0.],[[[[0.10878632 1.        ]]]],[[[[0.5 0.5]]]],,10,True,1010,particle_ff_502,9000
=======
2019-05-01 11:14:07.942824,[0. 0.],[[[[0.2 0.2]]]],[[[[0.5 0.5]]]],,5,False,5,no_cond29Apr,67000
2019-05-01 11:14:08.563803,[0. 0.],[[[[0.25 0.25]]]],[[[[0.5 0.5]]]],,5,False,1,no_cond29Apr,67000
2019-05-01 11:14:09.244654,[0. 0.],[[[[0.3 0.3]]]],[[[[0.5 0.5]]]],,5,False,1,no_cond29Apr,67000
2019-05-01 11:14:09.709917,[0. 0.],[[[[0.35000001 0.34360781]]]],[[[[0.5 0.5]]]],,5,False,1,no_cond29Apr,67000
2019-05-01 11:14:10.311533,[0. 0.],[[[[0.40000001 0.37776669]]]],[[[[0.5 0.5]]]],,5,False,1,no_cond29Apr,67000
2019-05-01 11:14:10.809524,[0. 0.],[[[[0.45000001 0.4245597 ]]]],[[[[0.5 0.5]]]],,5,False,1,no_cond29Apr,67000
2019-05-01 11:14:11.342980,[0. 0.],[[[[0.49201735 0.47455971]]]],[[[[0.5 0.5]]]],,5,False,1,no_cond29Apr,67000
2019-05-01 11:14:11.917352,[0. 0.],[[[[0.52171152 0.50363482]]]],[[[[0.5 0.5]]]],,5,False,1,no_cond29Apr,67000
2019-05-01 11:14:12.347639,[0. 0.],[[[[0.52268701 0.47382979]]]],[[[[0.5 0.5]]]],,5,False,1,no_cond29Apr,67000
2019-05-01 11:14:12.761622,[0. 0.],[[[[0.49871575 0.51107414]]]],[[[[0.5 0.5]]]],,5,False,1,no_cond29Apr,67000
2019-05-01 11:21:16.043468,[0. 0.],[[[[0.1 0.1]]]],[[[[0.5 0.5]]]],,15,False,5,no_cond29Apr,67000
2019-05-01 11:21:17.090718,[0. 0.],[[[[0.25 0.25]]]],[[[[0.5 0.5]]]],,15,False,1,no_cond29Apr,67000
2019-05-01 11:21:18.132075,[0. 0.],[[[[0.3 0.3]]]],[[[[0.5 0.5]]]],,15,False,1,no_cond29Apr,67000
2019-05-01 11:21:19.185782,[0. 0.],[[[[0.35000001 0.35000001]]]],[[[[0.5 0.5]]]],,15,False,1,no_cond29Apr,67000
2019-05-01 11:21:20.268346,[0. 0.],[[[[0.40000001 0.38480629]]]],[[[[0.5 0.5]]]],,15,False,1,no_cond29Apr,67000
2019-05-01 11:21:21.377945,[0. 0.],[[[[0.45000001 0.42739768]]]],[[[[0.5 0.5]]]],,15,False,1,no_cond29Apr,67000
2019-05-01 11:21:22.471849,[0. 0.],[[[[0.50000001 0.45872147]]]],[[[[0.5 0.5]]]],,15,False,1,no_cond29Apr,67000
2019-05-01 11:21:23.578196,[0. 0.],[[[[0.47453357 0.47329478]]]],[[[[0.5 0.5]]]],,15,False,1,no_cond29Apr,67000
2019-05-01 11:21:24.746814,[0. 0.],[[[[0.48994345 0.48663033]]]],[[[[0.5 0.5]]]],,15,False,1,no_cond29Apr,67000
2019-05-01 11:21:25.889101,[0. 0.],[[[[0.49226937 0.43663033]]]],[[[[0.5 0.5]]]],,15,False,1,no_cond29Apr,67000
2019-05-01 11:38:30.172323,[0. 0.],[[[[0.4898258  0.40691476]]]],[[[[0.5 0.5]]]],,5,False,13,no_cond29Apr,67000
2019-05-01 11:38:30.567122,[0. 0.],[[[[0.516428   0.42011981]]]],[[[[0.5 0.5]]]],,5,False,1,no_cond29Apr,67000
2019-05-01 11:38:30.948652,[0. 0.],[[[[0.466428  0.4646716]]]],[[[[0.5 0.5]]]],,5,False,1,no_cond29Apr,67000
2019-05-01 11:38:31.361647,[0. 0.],[[[[0.49459793 0.44670593]]]],[[[[0.5 0.5]]]],,5,False,1,no_cond29Apr,67000
2019-05-01 11:38:31.761863,[0. 0.],[[[[0.51582556 0.46278637]]]],[[[[0.5 0.5]]]],,5,False,1,no_cond29Apr,67000
2019-05-01 11:38:32.145751,[0. 0.],[[[[0.51031708 0.4713858 ]]]],[[[[0.5 0.5]]]],,5,False,1,no_cond29Apr,67000
2019-05-01 11:38:32.530982,[0. 0.],[[[[0.53815841 0.46708792]]]],[[[[0.5 0.5]]]],,5,False,1,no_cond29Apr,67000
2019-05-01 11:38:32.936664,[0. 0.],[[[[0.51639705 0.4479131 ]]]],[[[[0.5 0.5]]]],,5,False,1,no_cond29Apr,67000
2019-05-01 11:38:33.326118,[0. 0.],[[[[0.49125778 0.44992595]]]],[[[[0.5 0.5]]]],,5,False,1,no_cond29Apr,67000
2019-05-01 11:38:33.687064,[0. 0.],[[[[0.49660634 0.48915201]]]],[[[[0.5 0.5]]]],,5,False,1,no_cond29Apr,67000
2019-05-01 11:40:51.992625,[0. 0.],[[[[0.28817428 0.26502404]]]],[[[[0.5 0.5]]]],,5,False,12,no_cond29Apr,67000
2019-05-01 11:40:52.665567,[0. 0.],[[[[0.48597004 0.46434378]]]],[[[[0.5 0.5]]]],,5,False,2,no_cond29Apr,67000
2019-05-01 11:40:53.179926,[0. 0.],[[[[0.51270281 0.48854228]]]],[[[[0.5 0.5]]]],,5,False,1,no_cond29Apr,67000
2019-05-01 11:40:53.879387,[0. 0.],[[[[0.47126894 0.48747038]]]],[[[[0.5 0.5]]]],,5,False,1,no_cond29Apr,67000
2019-05-01 11:40:54.381967,[0. 0.],[[[[0.48545097 0.49293502]]]],[[[[0.5 0.5]]]],,5,False,1,no_cond29Apr,67000
2019-05-01 11:40:54.861891,[0. 0.],[[[[0.49167543 0.52743696]]]],[[[[0.5 0.5]]]],,5,False,1,no_cond29Apr,67000
2019-05-01 11:40:55.826307,[0. 0.],[[[[0.56371032 0.45921617]]]],[[[[0.5 0.5]]]],,5,False,8,no_cond29Apr,67000
2019-05-01 11:40:56.347609,[0. 0.],[[[[0.49214261 0.49582853]]]],[[[[0.5 0.5]]]],,5,False,2,no_cond29Apr,67000
2019-05-01 11:40:56.742904,[0. 0.],[[[[0.49260451 0.46026462]]]],[[[[0.5 0.5]]]],,5,False,1,no_cond29Apr,67000
2019-05-01 11:40:57.169723,[0. 0.],[[[[0.48855926 0.46221977]]]],[[[[0.5 0.5]]]],,5,False,1,no_cond29Apr,67000
2019-05-01 11:41:34.283663,[0. 0.],[[[[0.41575877 0.43455748]]]],[[[[0.5 0.5]]]],,5,False,14,no_cond29Apr,67000
2019-05-01 11:41:34.757778,[0. 0.],[[[[0.50420577 0.49297161]]]],[[[[0.5 0.5]]]],,5,False,1,no_cond29Apr,67000
2019-05-01 11:41:35.241890,[0. 0.],[[[[0.52048589 0.50906778]]]],[[[[0.5 0.5]]]],,5,False,4,no_cond29Apr,67000
2019-05-01 11:41:35.703044,[0. 0.],[[[[0.52135063 0.47922846]]]],[[[[0.5 0.5]]]],,5,False,1,no_cond29Apr,67000
2019-05-01 11:41:36.225633,[0. 0.],[[[[0.48351778 0.49394541]]]],[[[[0.5 0.5]]]],,5,False,1,no_cond29Apr,67000
2019-05-01 11:41:36.693748,[0. 0.],[[[[0.50326092 0.52632814]]]],[[[[0.5 0.5]]]],,5,False,1,no_cond29Apr,67000
2019-05-01 11:41:37.299676,[0. 0.],[[[[0.49639688 0.51164895]]]],[[[[0.5 0.5]]]],,5,False,1,no_cond29Apr,67000
2019-05-01 11:41:37.751536,[0. 0.],[[[[0.48077927 0.4998339 ]]]],[[[[0.5 0.5]]]],,5,False,1,no_cond29Apr,67000
2019-05-01 11:41:38.216071,[0. 0.],[[[[0.51429744 0.50504213]]]],[[[[0.5 0.5]]]],,5,False,2,no_cond29Apr,67000
2019-05-01 11:41:39.369301,[0. 0.],[[[[0.53116984 0.46051475]]]],[[[[0.5 0.5]]]],,5,False,10,no_cond29Apr,67000
>>>>>>> Stashed changes
2019-05-03 00:04:51.810903,[0. 0.],[[[[nan nan]]]],[[[[0.5 0.5]]]],,15,True,1005,pointFF2May_2,25000
2019-05-03 00:07:32.291723,[0. 0.],[[[[-0.50000001  1.        ]]]],[[[[0.5 0.5]]]],,1,True,1001,pointFF2May_2,25000
2019-05-03 00:22:36.207932,[0. 0.],[[[[0.46670171 0.45750965]]]],[[[[0.5 0.5]]]],,1,True,188,pointFF2May_2,24000
2019-05-03 00:29:52.052117,[0. 0.],[[[[0.47129846 0.52084961]]]],[[[[0.5 0.5]]]],,1,True,241,pointFF2May_2,24000
2019-05-03 00:34:15.411048,[0. 0.],[[[[0.44363816 0.46239606]]]],[[[[0.5 0.5]]]],,15,True,26,pointFF2May_2,56000
2019-05-03 00:35:11.025538,[0. 0.],[[[[0.53175586 0.47885714]]]],[[[[0.5 0.5]]]],,15,True,108,pointFF2May_2,56000
2019-05-03 00:35:12.424176,[0. 0.],[[[[0.52127942 0.50123239]]]],[[[[0.5 0.5]]]],,15,True,136,pointFF2May_2,56000
2019-05-03 00:35:13.288093,[0. 0.],[[[[0.48354181 0.52706307]]]],[[[[0.5 0.5]]]],,15,True,76,pointFF2May_2,56000
2019-05-03 00:35:13.572873,[0. 0.],[[[[0.45297433 0.4552269 ]]]],[[[[0.5 0.5]]]],,15,True,17,pointFF2May_2,56000
2019-05-03 00:35:15.992699,[0. 0.],[[[[0.4767276  0.51361242]]]],[[[[0.5 0.5]]]],,15,True,227,pointFF2May_2,56000
2019-05-03 00:35:16.293169,[0. 0.],[[[[0.47516545 0.45016497]]]],[[[[0.5 0.5]]]],,15,True,30,pointFF2May_2,56000
2019-05-03 00:35:16.736289,[0. 0.],[[[[0.50670865 0.4776065 ]]]],[[[[0.5 0.5]]]],,15,True,36,pointFF2May_2,56000
2019-05-03 00:35:17.610699,[0. 0.],[[[[0.52537395 0.53680489]]]],[[[[0.5 0.5]]]],,15,True,89,pointFF2May_2,56000
2019-05-03 00:35:17.910529,[0. 0.],[[[[0.43927058 0.45957857]]]],[[[[0.5 0.5]]]],,15,True,18,pointFF2May_2,56000
2019-05-03 00:35:18.505019,[0. 0.],[[[[0.45150851 0.48989927]]]],[[[[0.5 0.5]]]],,15,True,47,pointFF2May_2,56000
2019-05-03 00:37:08.583272,[0. 0.],[[[[0.10245135 0.7013144 ]]]],[[[[0.5 0.5]]]],,15,False,1004,point2May,166000
2019-05-03 00:37:30.754394,[0. 0.],[[[[0.87272528 0.37828183]]]],[[[[0.5 0.5]]]],,15,False,1001,point2May,166000
2019-05-03 00:37:52.612516,[0. 0.],[[[[0.88020328 0.00129868]]]],[[[[0.5 0.5]]]],,15,False,1014,point2May,166000
2019-05-03 00:38:13.110263,[0. 0.],[[[[ 0.29187892 -0.01746564]]]],[[[[0.5 0.5]]]],,15,False,1002,point2May,166000
2019-05-03 00:38:33.379067,[0. 0.],[[[[ 0.53756333 -0.02204761]]]],[[[[0.5 0.5]]]],,15,False,1008,point2May,166000
2019-05-03 00:38:54.674010,[0. 0.],[[[[0.64255499 0.33648678]]]],[[[[0.5 0.5]]]],,15,False,1013,point2May,166000
2019-05-03 00:39:15.050805,[0. 0.],[[[[0.50320605 0.42292306]]]],[[[[0.5 0.5]]]],,15,False,1013,point2May,166000
2019-05-03 00:39:33.629660,[0. 0.],[[[[0.36097868 0.27627668]]]],[[[[0.5 0.5]]]],,15,False,1009,point2May,166000
2019-05-03 00:39:52.802727,[0. 0.],[[[[0.94201401 0.39202944]]]],[[[[0.5 0.5]]]],,15,False,1003,point2May,166000
2019-05-03 00:40:12.220438,[0. 0.],[[[[0.21729838 0.13553307]]]],[[[[0.5 0.5]]]],,15,False,1010,point2May,166000
2019-05-03 00:42:23.943599,[0. 0.],[[[[0.37603803 0.3289406 ]]]],[[[[0.5 0.5]]]],,15,False,1011,point2May,166000
2019-05-03 00:42:41.159262,[0. 0.],[[[[0.75437823 0.44648995]]]],[[[[0.5 0.5]]]],,15,False,789,point2May,166000
2019-05-03 00:44:02.574437,[0. 0.],[[[[0.64340953 0.52856752]]]],[[[[0.5 0.5]]]],,15,False,1009,point2May,166000
2019-05-03 00:44:10.405818,[0. 0.],[[[[0.55172675 0.55252778]]]],[[[[0.5 0.5]]]],,15,False,196,point2May,166000
2019-05-03 00:45:04.759633,[0. 0.],[[[[0.46825564 0.46066983]]]],[[[[0.5 0.5]]]],,5,False,15,point2May,166000
2019-05-03 00:45:05.368425,[0. 0.],[[[[0.46794653 0.4892333 ]]]],[[[[0.5 0.5]]]],,5,False,15,point2May,166000
2019-05-03 00:45:06.221375,[0. 0.],[[[[0.4861694  0.48041448]]]],[[[[0.5 0.5]]]],,5,False,20,point2May,166000
2019-05-03 00:45:07.055669,[0. 0.],[[[[0.49457153 0.49083138]]]],[[[[0.5 0.5]]]],,5,False,20,point2May,166000
2019-05-03 00:45:07.664468,[0. 0.],[[[[0.45693232 0.37220591]]]],[[[[0.5 0.5]]]],,5,False,15,point2May,166000
2019-05-03 00:45:08.495197,[0. 0.],[[[[0.50002754 0.41552321]]]],[[[[0.5 0.5]]]],,5,False,20,point2May,166000
2019-05-03 00:45:09.104649,[0. 0.],[[[[0.48170808 0.46426497]]]],[[[[0.5 0.5]]]],,5,False,15,point2May,166000
2019-05-03 00:45:09.739803,[0. 0.],[[[[0.47632866 0.48143957]]]],[[[[0.5 0.5]]]],,5,False,15,point2May,166000
2019-05-03 00:45:10.778441,[0. 0.],[[[[0.4853665  0.49094275]]]],[[[[0.5 0.5]]]],,5,False,25,point2May,166000
2019-05-03 00:45:11.399821,[0. 0.],[[[[0.4669231  0.46560755]]]],[[[[0.5 0.5]]]],,5,False,15,point2May,166000
2019-05-03 00:46:06.358454,[0. 0.],[[[[0.48790834 0.49014204]]]],[[[[0.5 0.5]]]],,5,True,165,pointFF2May_2,56000
2019-05-03 00:46:06.807218,[0. 0.],[[[[0.51489447 0.50590945]]]],[[[[0.5 0.5]]]],,5,True,35,pointFF2May_2,56000
2019-05-03 00:46:07.047691,[0. 0.],[[[[0.48629275 0.47628623]]]],[[[[0.5 0.5]]]],,5,True,18,pointFF2May_2,56000
2019-05-03 00:46:07.853982,[0. 0.],[[[[0.46803949 0.51724184]]]],[[[[0.5 0.5]]]],,5,True,63,pointFF2May_2,56000
2019-05-03 00:46:08.101871,[0. 0.],[[[[0.49262616 0.52107243]]]],[[[[0.5 0.5]]]],,5,True,16,pointFF2May_2,56000
2019-05-03 00:46:08.489787,[0. 0.],[[[[0.51102912 0.50769103]]]],[[[[0.5 0.5]]]],,5,True,29,pointFF2May_2,56000
2019-05-03 00:46:08.652016,[0. 0.],[[[[0.41033676 0.42204683]]]],[[[[0.5 0.5]]]],,5,True,12,pointFF2May_2,56000
2019-05-03 00:46:09.570403,[0. 0.],[[[[0.50747727 0.55732735]]]],[[[[0.5 0.5]]]],,5,True,72,pointFF2May_2,56000
2019-05-03 00:46:11.234445,[0. 0.],[[[[0.54153537 0.48540171]]]],[[[[0.5 0.5]]]],,5,True,135,pointFF2May_2,56000
2019-05-03 00:46:11.620271,[0. 0.],[[[[0.47998948 0.45389062]]]],[[[[0.5 0.5]]]],,5,True,32,pointFF2May_2,56000
2019-05-03 00:46:46.461658,[0. 0.],[[[[0.49726218 0.47621366]]]],[[[[0.5 0.5]]]],,5,True,76,pointFF2May_2,56000
2019-05-03 00:46:47.269892,[0. 0.],[[[[0.54486707 0.50924795]]]],[[[[0.5 0.5]]]],,5,True,31,pointFF2May_2,56000
2019-05-03 00:46:48.910639,[0. 0.],[[[[0.46854372 0.50651961]]]],[[[[0.5 0.5]]]],,5,True,74,pointFF2May_2,56000
2019-05-03 00:46:50.751418,[0. 0.],[[[[0.54879887 0.51390807]]]],[[[[0.5 0.5]]]],,5,True,80,pointFF2May_2,56000
2019-05-03 00:46:52.774429,[0. 0.],[[[[0.52940684 0.48288112]]]],[[[[0.5 0.5]]]],,5,True,91,pointFF2May_2,56000
2019-05-03 00:46:53.557092,[0. 0.],[[[[0.45028206 0.51605957]]]],[[[[0.5 0.5]]]],,5,True,33,pointFF2May_2,56000
2019-05-03 00:46:54.452080,[0. 0.],[[[[0.52379017 0.52148319]]]],[[[[0.5 0.5]]]],,5,True,39,pointFF2May_2,56000
2019-05-03 00:46:55.080725,[0. 0.],[[[[0.45382645 0.50492556]]]],[[[[0.5 0.5]]]],,5,True,29,pointFF2May_2,56000
2019-05-03 00:46:56.176451,[0. 0.],[[[[0.46699688 0.46589108]]]],[[[[0.5 0.5]]]],,5,True,46,pointFF2May_2,56000
2019-05-03 00:46:57.052197,[0. 0.],[[[[0.48982882 0.51619404]]]],[[[[0.5 0.5]]]],,5,True,40,pointFF2May_2,56000
2019-05-03 00:48:26.189467,[0. 0.],[[[[0.48930648 0.499734  ]]]],[[[[0.5 0.5]]]],,5,False,20,point2May,166000
2019-05-03 00:48:27.012286,[0. 0.],[[[[0.48889548 0.49091384]]]],[[[[0.5 0.5]]]],,5,False,20,point2May,166000
2019-05-03 00:48:27.630554,[0. 0.],[[[[0.4562033  0.42294244]]]],[[[[0.5 0.5]]]],,5,False,15,point2May,166000
2019-05-03 00:48:28.452228,[0. 0.],[[[[0.49994357 0.43010189]]]],[[[[0.5 0.5]]]],,5,False,20,point2May,166000
2019-05-03 00:48:29.273449,[0. 0.],[[[[0.49999905 0.48921654]]]],[[[[0.5 0.5]]]],,5,False,20,point2May,166000
2019-05-03 00:48:29.896630,[0. 0.],[[[[0.47820428 0.40216212]]]],[[[[0.5 0.5]]]],,5,False,15,point2May,166000
2019-05-03 00:48:30.951355,[0. 0.],[[[[0.48798988 0.49988526]]]],[[[[0.5 0.5]]]],,5,False,25,point2May,166000
2019-05-03 00:48:31.583400,[0. 0.],[[[[0.48046824 0.45926238]]]],[[[[0.5 0.5]]]],,5,False,15,point2May,166000
2019-05-03 00:48:32.225247,[0. 0.],[[[[0.47674027 0.46737487]]]],[[[[0.5 0.5]]]],,5,False,15,point2May,166000
2019-05-03 00:48:32.868202,[0. 0.],[[[[0.47184339 0.45027918]]]],[[[[0.5 0.5]]]],,5,False,15,point2May,166000
2019-05-03 00:55:50.644462,[0. 0.],[[[[0.62356439 0.3564376 ]]]],[[[[0.5 0.5]]]],,15,False,1004,maze2May,148000
2019-05-03 00:57:49.043896,[-0.85 -0.85],[[[[-0.77276734 -0.34514129]]]],[[[[ 0.7 -0.8]]]],,15,False,1011,maze2May,148000
2019-05-03 01:01:30.952211,[-0.85 -0.85],[[[[-0.97565618 -0.49254264]]]],[[[[-0.45 -0.8 ]]]],,15,False,1008,maze2May,148000
2019-05-03 01:04:00.155082,[-0.85 -0.85],[[[[-0.49987904  0.89272002]]]],[[[[-0.4  0.8]]]],,15,False,886,maze2May,148000
2019-05-03 01:16:07.667045,[-0.85 -0.85],[[[[-0.44575098  0.79530929]]]],[[[[-0.4  0.8]]]],,1,True,275,mazeFF2May,110000
2019-05-03 01:19:09.016517,[-0.85 -0.85],[[[[-0.42592848  0.787366  ]]]],[[[[-0.4  0.8]]]],"[0.25, 0.35, 0.3, 0.3]",1,True,1001,mazeFF2May,110000
2019-05-03 01:21:37.408664,[-0.85 -0.85],[[[[-0.2908374   0.57394138]]]],[[[[-0.4  0.8]]]],"[0.25, 0.35, 0.3, 0.3]",15,False,1015,maze2May,148000
2019-05-03 01:32:00.593477,[-0.85 -0.85],[[[[-0.46112667  0.9191347 ]]]],[[[[-0.4  0.8]]]],"[0.25, 0.35, 0.3, 0.3]",15,False,891,maze2May,148000
2019-05-03 21:12:25.524093,[0. 0.],[[[[0.53510538 0.42245503]]]],[[[[0.5 0.5]]]],"[0.25, 0.35, 0.4, 0.4]",15,True,78,pointFF2May_2,116000
2019-05-03 21:21:38.632188,[0. 0.],[[[[0.476479   0.51037614]]]],[[[[0.5 0.5]]]],"[0.25, 0.35, 0.4, 0.4]",15,True,147,pointFF2May_2,116000
2019-05-03 21:23:14.987121,[0. 0.],[[[[0.48774384 0.46431761]]]],[[[[0.5 0.5]]]],"[0.1, 0.1, 0.5, 0.5]",15,True,68,pointFF2May_2,116000
2019-05-03 21:29:54.872270,[0. 0.],[[[[0.52423742 0.45614483]]]],[[[[0.5 0.5]]]],"[0.5, 0.1, 0.1, 0.5]",15,True,1005,pointFF2May_2,116000
